{"nm":"Flow 1","ddd":0,"h":48,"w":48,"meta":{"g":"LottieFiles Figma v43"},"layers":[{"ty":4,"nm":"Union","sr":1,"st":0,"op":16,"ip":0,"hd":false,"ddd":0,"bm":0,"hasMask":false,"ao":0,"ks":{"a":{"a":1,"k":[{"o":{"x":0,"y":0},"i":{"x":1,"y":1},"s":[14,14],"t":0},{"s":[14,14],"t":15}]},"s":{"a":1,"k":[{"o":{"x":0,"y":0},"i":{"x":1,"y":1},"s":[100,100],"t":0},{"s":[100,100],"t":15}]},"sk":{"a":0,"k":0},"p":{"a":1,"k":[{"o":{"x":0,"y":0},"i":{"x":1,"y":1},"s":[24,24],"t":0},{"s":[24,24],"t":15}]},"r":{"a":1,"k":[{"o":{"x":0,"y":0},"i":{"x":1,"y":1},"s":[0],"t":0},{"s":[180],"t":15}]},"sa":{"a":0,"k":0},"o":{"a":1,"k":[{"o":{"x":0,"y":0},"i":{"x":1,"y":1},"s":[100],"t":0},{"s":[100],"t":15}]}},"shapes":[{"ty":"sh","bm":0,"hd":false,"nm":"","d":1,"ks":{"a":1,"k":[{"o":{"x":0,"y":0},"i":{"x":1,"y":1},"s":[{"c":true,"i":[[0,0],[-1.05,0],[0,1.66],[1.66,0],[1.7,-0.7],[1.3,-1.3],[0.7,-1.7],[0,-1.84],[-1.66,0],[0,1.66],[-0.4,0.97],[-0.74,0.74],[-0.97,0.4]],"o":[[0.97,-0.4],[1.66,0],[0,-1.66],[-1.84,0],[-1.7,0.7],[-1.3,1.3],[-0.7,1.7],[0,1.66],[1.66,0],[0,-1.05],[0.4,-0.97],[0.74,-0.74],[0,0]],"v":[[10.94,6.61],[14,6],[17,3],[14,0],[8.64,1.07],[4.1,4.1],[1.07,8.64],[0,14],[3,17],[6,14],[6.61,10.94],[8.34,8.34],[10.94,6.61]]}],"t":0},{"s":[{"c":true,"i":[[0,0],[-1.05,0],[0,1.66],[1.66,0],[1.7,-0.7],[1.3,-1.3],[0.7,-1.7],[0,-1.84],[-1.66,0],[0,1.66],[-0.4,0.97],[-0.74,0.74],[-0.97,0.4]],"o":[[0.97,-0.4],[1.66,0],[0,-1.66],[-1.84,0],[-1.7,0.7],[-1.3,1.3],[-0.7,1.7],[0,1.66],[1.66,0],[0,-1.05],[0.4,-0.97],[0.74,-0.74],[0,0]],"v":[[10.94,6.61],[14,6],[17,3],[14,0],[8.64,1.07],[4.1,4.1],[1.07,8.64],[0,14],[3,17],[6,14],[6.61,10.94],[8.34,8.34],[10.94,6.61]]}],"t":15}]}},{"ty":"sh","bm":0,"hd":false,"nm":"","d":1,"ks":{"a":1,"k":[{"o":{"x":0,"y":0},"i":{"x":1,"y":1},"s":[{"c":true,"i":[[0,0],[1.66,0],[0,-1.66],[0.4,-0.97],[0.74,-0.74],[0.97,-0.4],[1.05,0],[0,-1.66],[-1.66,0],[-1.7,0.7],[-1.3,1.3],[-0.7,1.7],[0,1.84]],"o":[[0,-1.66],[-1.66,0],[0,1.05],[-0.4,0.97],[-0.74,0.74],[-0.97,0.4],[-1.66,0],[0,1.66],[1.84,0],[1.7,-0.7],[1.3,-1.3],[0.7,-1.7],[0,0]],"v":[[28,14],[25,11],[22,14],[21.39,17.06],[19.66,19.66],[17.06,21.39],[14,22],[11,25],[14,28],[19.36,26.93],[23.9,23.9],[26.93,19.36],[28,14]]}],"t":0},{"s":[{"c":true,"i":[[0,0],[1.66,0],[0,-1.66],[0.4,-0.97],[0.74,-0.74],[0.97,-0.4],[1.05,0],[0,-1.66],[-1.66,0],[-1.7,0.7],[-1.3,1.3],[-0.7,1.7],[0,1.84]],"o":[[0,-1.66],[-1.66,0],[0,1.05],[-0.4,0.97],[-0.74,0.74],[-0.97,0.4],[-1.66,0],[0,1.66],[1.84,0],[1.7,-0.7],[1.3,-1.3],[0.7,-1.7],[0,0]],"v":[[28,14],[25,11],[22,14],[21.39,17.06],[19.66,19.66],[17.06,21.39],[14,22],[11,25],[14,28],[19.36,26.93],[23.9,23.9],[26.93,19.36],[28,14]]}],"t":15}]}},{"ty":"fl","bm":0,"hd":false,"nm":"","c":{"a":1,"k":[{"o":{"x":0,"y":0},"i":{"x":1,"y":1},"s":[0.1765,0.1765,0.1765],"t":0},{"s":[0.1765,0.1765,0.1765],"t":15}]},"r":2,"o":{"a":1,"k":[{"o":{"x":0,"y":0},"i":{"x":1,"y":1},"s":[100],"t":0},{"s":[100],"t":15}]}}],"ind":1},{"ty":4,"nm":"Ellipse 39","sr":1,"st":0,"op":16,"ip":0,"hd":false,"ddd":0,"bm":0,"hasMask":false,"ao":0,"ks":{"a":{"a":1,"k":[{"o":{"x":0,"y":0},"i":{"x":1,"y":1},"s":[24,24],"t":0},{"s":[24,24],"t":15}]},"s":{"a":1,"k":[{"o":{"x":0,"y":0},"i":{"x":1,"y":1},"s":[100,100],"t":0},{"s":[100,100],"t":15}]},"sk":{"a":0,"k":0},"p":{"a":1,"k":[{"o":{"x":0,"y":0},"i":{"x":1,"y":1},"s":[27,27],"t":0},{"s":[27,27],"t":15}]},"r":{"a":1,"k":[{"o":{"x":0,"y":0},"i":{"x":1,"y":1},"s":[0],"t":0},{"s":[0],"t":15}]},"sa":{"a":0,"k":0},"o":{"a":1,"k":[{"o":{"x":0,"y":0},"i":{"x":1,"y":1},"s":[100],"t":0},{"s":[100],"t":15}]}},"shapes":[{"ty":"sh","bm":0,"hd":false,"nm":"","d":1,"ks":{"a":1,"k":[{"o":{"x":0,"y":0},"i":{"x":1,"y":1},"s":[{"c":true,"i":[[0,0],[11.59375,0],[0,11.59375],[-11.59375,0],[0,-11.59375]],"o":[[0,11.59375],[-11.59375,0],[0,-11.59375],[11.59375,0],[0,0]],"v":[[42,21],[21,42],[0,21],[21,0],[42,21]]}],"t":0},{"s":[{"c":true,"i":[[0,0],[11.59375,0],[0,11.59375],[-11.59375,0],[0,-11.59375]],"o":[[0,11.59375],[-11.59375,0],[0,-11.59375],[11.59375,0],[0,0]],"v":[[42,21],[21,42],[0,21],[21,0],[42,21]]}],"t":15}]}},{"ty":"st","bm":0,"hd":false,"nm":"","lc":1,"lj":1,"ml":4,"o":{"a":1,"k":[{"o":{"x":0,"y":0},"i":{"x":1,"y":1},"s":[100],"t":0},{"s":[100],"t":15}]},"w":{"a":1,"k":[{"o":{"x":0,"y":0},"i":{"x":1,"y":1},"s":[6],"t":0},{"s":[6],"t":15}]},"c":{"a":1,"k":[{"o":{"x":0,"y":0},"i":{"x":1,"y":1},"s":[0.851,0.851,0.851],"t":0},{"s":[0.851,0.851,0.851],"t":15}]}}],"ind":2}],"v":"5.7.0","fr":30,"op":15.299999993294477,"ip":0,"assets":[]}