{"nm":"Flow 2","ddd":0,"h":48,"w":48,"meta":{"g":"LottieFiles Figma v42"},"layers":[{"ty":4,"nm":"Rectangle 18","sr":1,"st":0,"op":19,"ip":0,"hd":false,"ddd":0,"bm":0,"hasMask":false,"ao":0,"ks":{"a":{"a":1,"k":[{"o":{"x":0,"y":0},"i":{"x":0.58,"y":1},"s":[4,1],"t":0},{"o":{"x":0,"y":0},"i":{"x":0.58,"y":1},"s":[8,8],"t":9},{"s":[4,1],"t":18}]},"s":{"a":1,"k":[{"o":{"x":0,"y":0},"i":{"x":0.58,"y":1},"s":[100,100],"t":0},{"o":{"x":0,"y":0},"i":{"x":0.58,"y":1},"s":[100,100],"t":9},{"s":[100,100],"t":18}]},"sk":{"a":0,"k":0},"p":{"a":1,"k":[{"o":{"x":0,"y":0},"i":{"x":0.58,"y":1},"s":[-12,24],"t":0},{"o":{"x":0,"y":0},"i":{"x":0.58,"y":1},"s":[24,24],"t":9},{"s":[60,24],"t":18}]},"r":{"a":1,"k":[{"o":{"x":0,"y":0},"i":{"x":0.58,"y":1},"s":[0],"t":0},{"o":{"x":0,"y":0},"i":{"x":0.58,"y":1},"s":[0],"t":9},{"s":[0],"t":18}]},"sa":{"a":0,"k":0},"o":{"a":1,"k":[{"o":{"x":0,"y":0},"i":{"x":0.58,"y":1},"s":[100],"t":0},{"o":{"x":0,"y":0},"i":{"x":0.58,"y":1},"s":[100],"t":9},{"s":[100],"t":18}]}},"shapes":[{"ty":"sh","bm":0,"hd":false,"nm":"","d":1,"ks":{"a":1,"k":[{"o":{"x":0,"y":0},"i":{"x":0.58,"y":1},"s":[{"c":true,"i":[[0,0],[-2.21,0],[0,0],[0,-0.55],[0,0],[2.21,0],[0,0],[0,0.55]],"o":[[0,-0.55],[0,0],[2.21,0],[0,0],[0,0.55],[0,0],[-2.21,0],[0,0]],"v":[[0,1],[4,0],[4,0],[8,1],[8,1],[4,2],[4,2],[0,1]]}],"t":0},{"o":{"x":0,"y":0},"i":{"x":0.58,"y":1},"s":[{"c":true,"i":[[0,0],[-4.42,0],[0,0],[0,-4.42],[0,0],[4.42,0],[0,0],[0,4.42]],"o":[[0,-4.42],[0,0],[4.42,0],[0,0],[0,4.42],[0,0],[-4.42,0],[0,0]],"v":[[0,8],[8,0],[8,0],[16,8],[16,8],[8,16],[8,16],[0,8]]}],"t":9},{"s":[{"c":true,"i":[[0,0],[-2.21,0],[0,0],[0,-0.55],[0,0],[2.21,0],[0,0],[0,0.55]],"o":[[0,-0.55],[0,0],[2.21,0],[0,0],[0,0.55],[0,0],[-2.21,0],[0,0]],"v":[[0,1],[4,0],[4,0],[8,1],[8,1],[4,2],[4,2],[0,1]]}],"t":18}]}},{"ty":"fl","bm":0,"hd":false,"nm":"","c":{"a":1,"k":[{"o":{"x":0,"y":0},"i":{"x":0.58,"y":1},"s":[0.1765,0.1765,0.1765],"t":0},{"o":{"x":0,"y":0},"i":{"x":0.58,"y":1},"s":[0.2824,1,0.5687],"t":9},{"s":[0.1765,0.1765,0.1765],"t":18}]},"r":1,"o":{"a":1,"k":[{"o":{"x":0,"y":0},"i":{"x":0.58,"y":1},"s":[0],"t":0},{"o":{"x":0,"y":0},"i":{"x":0.58,"y":1},"s":[100],"t":9},{"s":[0],"t":18}]}}],"ind":1},{"ty":4,"nm":"Rectangle 19","sr":1,"st":0,"op":19,"ip":0,"hd":false,"ddd":0,"bm":0,"hasMask":false,"ao":0,"ks":{"a":{"a":1,"k":[{"o":{"x":0,"y":0},"i":{"x":0.58,"y":1},"s":[8,8],"t":0},{"o":{"x":0,"y":0},"i":{"x":0.58,"y":1},"s":[9,9],"t":9},{"s":[8,8],"t":18}]},"s":{"a":1,"k":[{"o":{"x":0,"y":0},"i":{"x":0.58,"y":1},"s":[100,100],"t":0},{"o":{"x":0,"y":0},"i":{"x":0.58,"y":1},"s":[100,100],"t":9},{"s":[100,100],"t":18}]},"sk":{"a":0,"k":0},"p":{"a":1,"k":[{"o":{"x":0,"y":0},"i":{"x":0.58,"y":1},"s":[24,24],"t":0},{"o":{"x":0,"y":0},"i":{"x":0.58,"y":1},"s":[24,24],"t":9},{"s":[24,24],"t":18}]},"r":{"a":1,"k":[{"o":{"x":0,"y":0},"i":{"x":0.58,"y":1},"s":[0],"t":0},{"o":{"x":0,"y":0},"i":{"x":0.58,"y":1},"s":[0],"t":9},{"s":[0],"t":18}]},"sa":{"a":0,"k":0},"o":{"a":1,"k":[{"o":{"x":0,"y":0},"i":{"x":0.58,"y":1},"s":[100],"t":0},{"o":{"x":0,"y":0},"i":{"x":0.58,"y":1},"s":[100],"t":9},{"s":[100],"t":18}]}},"shapes":[{"ty":"sh","bm":0,"hd":false,"nm":"","d":1,"ks":{"a":1,"k":[{"o":{"x":0,"y":0},"i":{"x":0.58,"y":1},"s":[{"c":true,"i":[[0,0],[-4.42,0],[0,0],[0,-4.42],[0,0],[4.42,0],[0,0],[0,4.42]],"o":[[0,-4.42],[0,0],[4.42,0],[0,0],[0,4.42],[0,0],[-4.42,0],[0,0]],"v":[[0,8],[8,0],[8,0],[16,8],[16,8],[8,16],[8,16],[0,8]]}],"t":0},{"o":{"x":0,"y":0},"i":{"x":0.58,"y":1},"s":[{"c":true,"i":[[0,0],[-4.97,0],[0,0],[0,-4.97],[0,0],[4.97,0],[0,0],[0,4.97]],"o":[[0,-4.97],[0,0],[4.97,0],[0,0],[0,4.97],[0,0],[-4.97,0],[0,0]],"v":[[0,9],[9,0],[9,0],[18,9],[18,9],[9,18],[9,18],[0,9]]}],"t":9},{"s":[{"c":true,"i":[[0,0],[-4.42,0],[0,0],[0,-4.42],[0,0],[4.42,0],[0,0],[0,4.42]],"o":[[0,-4.42],[0,0],[4.42,0],[0,0],[0,4.42],[0,0],[-4.42,0],[0,0]],"v":[[0,8],[8,0],[8,0],[16,8],[16,8],[8,16],[8,16],[0,8]]}],"t":18}]}},{"ty":"fl","bm":0,"hd":false,"nm":"","c":{"a":1,"k":[{"o":{"x":0,"y":0},"i":{"x":0.58,"y":1},"s":[0.2824,1,0.5687],"t":0},{"o":{"x":0,"y":0},"i":{"x":0.58,"y":1},"s":[0.1765,0.1765,0.1765],"t":9},{"s":[0.2824,1,0.5687],"t":18}]},"r":1,"o":{"a":1,"k":[{"o":{"x":0,"y":0},"i":{"x":0.58,"y":1},"s":[100],"t":0},{"o":{"x":0,"y":0},"i":{"x":0.58,"y":1},"s":[100],"t":9},{"s":[100],"t":18}]}}],"ind":2}],"v":"5.7.0","fr":30,"op":18.12000072095543,"ip":0,"assets":[]}