{"v":"5.7.0","fr":60,"ip":46,"op":407,"w":60,"h":40,"nm":"dloadingjson","ddd":0,"assets":[],"layers":[{"ddd":0,"ind":1,"ty":4,"nm":"形状图层 3","sr":1,"ks":{"o":{"a":0,"k":100,"ix":11},"r":{"a":0,"k":0,"ix":10},"p":{"a":0,"k":[29.992,15.586,0],"ix":2},"a":{"a":0,"k":[7.182,-9.669,0],"ix":1},"s":{"a":0,"k":[60,60,100],"ix":6}},"ao":0,"shapes":[{"ty":"gr","it":[{"ind":0,"ty":"sh","ix":1,"ks":{"a":1,"k":[{"i":{"x":0.667,"y":1},"o":{"x":0.333,"y":0},"t":48,"s":[{"i":[[0,0],[0,0],[0,0],[0,0]],"o":[[0,0],[0,0],[0,0],[0,0]],"v":[[6.784,-11.716],[6.784,11.716],[-6.784,11.716],[-6.784,-11.716]],"c":true}]},{"i":{"x":0.09,"y":1},"o":{"x":0.333,"y":0},"t":52.801,"s":[{"i":[[0,0],[0,0],[0,0],[0,0]],"o":[[0,0],[0,0],[0,0],[0,0]],"v":[[6.784,-39.129],[6.784,11.716],[-6.784,11.716],[-6.784,-39.129]],"c":true}]},{"i":{"x":0.667,"y":1},"o":{"x":0.333,"y":0},"t":62.4,"s":[{"i":[[0,0],[0,0],[0,0],[0,0]],"o":[[0,0],[0,0],[0,0],[0,0]],"v":[[6.784,-39.129],[6.784,-27.018],[-6.784,-27.018],[-6.784,-39.129]],"c":true}]},{"i":{"x":0.667,"y":1},"o":{"x":0.333,"y":0},"t":86.4,"s":[{"i":[[0,0],[0,0],[0,0],[0,0]],"o":[[0,0],[0,0],[0,0],[0,0]],"v":[[6.784,-39.129],[6.784,-27.018],[-6.784,-27.018],[-6.784,-39.129]],"c":true}]},{"i":{"x":0.125,"y":1},"o":{"x":0.333,"y":0},"t":91.199,"s":[{"i":[[0,0],[0,0],[0,0],[0,0]],"o":[[0,0],[0,0],[0,0],[0,0]],"v":[[6.784,-30.664],[6.784,30.359],[-6.784,30.359],[-6.784,-30.664]],"c":true}]},{"i":{"x":0.125,"y":1},"o":{"x":0.333,"y":0},"t":100.801,"s":[{"i":[[0,0],[0,0],[0,0],[0,0]],"o":[[0,0],[0,0],[0,0],[0,0]],"v":[[6.784,21.974],[6.784,33.387],[-6.784,33.387],[-6.784,21.974]],"c":true}]},{"i":{"x":0,"y":1},"o":{"x":0.333,"y":0},"t":129.6,"s":[{"i":[[0,0],[0,0],[0,0],[0,0]],"o":[[0,0],[0,0],[0,0],[0,0]],"v":[[6.784,21.974],[6.784,33.387],[-6.784,33.387],[-6.784,21.974]],"c":true}]},{"i":{"x":0.667,"y":1},"o":{"x":0.167,"y":0},"t":134.4,"s":[{"i":[[0,0],[0,0],[0,0],[0,0]],"o":[[0,0],[0,0],[0,0],[0,0]],"v":[[6.784,-11.716],[6.784,11.716],[-6.784,11.716],[-6.784,-11.716]],"c":true}]},{"i":{"x":0.667,"y":1},"o":{"x":0.333,"y":0},"t":170,"s":[{"i":[[0,0],[0,0],[0,0],[0,0]],"o":[[0,0],[0,0],[0,0],[0,0]],"v":[[6.784,-11.716],[6.784,11.716],[-6.784,11.716],[-6.784,-11.716]],"c":true}]},{"i":{"x":0.09,"y":1},"o":{"x":0.333,"y":0},"t":174.801,"s":[{"i":[[0,0],[0,0],[0,0],[0,0]],"o":[[0,0],[0,0],[0,0],[0,0]],"v":[[6.784,-39.129],[6.784,11.716],[-6.784,11.716],[-6.784,-39.129]],"c":true}]},{"i":{"x":0.667,"y":1},"o":{"x":0.333,"y":0},"t":184.4,"s":[{"i":[[0,0],[0,0],[0,0],[0,0]],"o":[[0,0],[0,0],[0,0],[0,0]],"v":[[6.784,-39.129],[6.784,-27.018],[-6.784,-27.018],[-6.784,-39.129]],"c":true}]},{"i":{"x":0.667,"y":1},"o":{"x":0.333,"y":0},"t":208.4,"s":[{"i":[[0,0],[0,0],[0,0],[0,0]],"o":[[0,0],[0,0],[0,0],[0,0]],"v":[[6.784,-39.129],[6.784,-27.018],[-6.784,-27.018],[-6.784,-39.129]],"c":true}]},{"i":{"x":0.125,"y":1},"o":{"x":0.333,"y":0},"t":213.199,"s":[{"i":[[0,0],[0,0],[0,0],[0,0]],"o":[[0,0],[0,0],[0,0],[0,0]],"v":[[6.784,-30.664],[6.784,30.359],[-6.784,30.359],[-6.784,-30.664]],"c":true}]},{"i":{"x":0.125,"y":1},"o":{"x":0.333,"y":0},"t":222.801,"s":[{"i":[[0,0],[0,0],[0,0],[0,0]],"o":[[0,0],[0,0],[0,0],[0,0]],"v":[[6.784,21.974],[6.784,33.387],[-6.784,33.387],[-6.784,21.974]],"c":true}]},{"i":{"x":0,"y":1},"o":{"x":0.333,"y":0},"t":251.6,"s":[{"i":[[0,0],[0,0],[0,0],[0,0]],"o":[[0,0],[0,0],[0,0],[0,0]],"v":[[6.784,21.974],[6.784,33.387],[-6.784,33.387],[-6.784,21.974]],"c":true}]},{"i":{"x":0.667,"y":1},"o":{"x":0.167,"y":0},"t":256.4,"s":[{"i":[[0,0],[0,0],[0,0],[0,0]],"o":[[0,0],[0,0],[0,0],[0,0]],"v":[[6.784,-11.716],[6.784,11.716],[-6.784,11.716],[-6.784,-11.716]],"c":true}]},{"i":{"x":0.667,"y":1},"o":{"x":0.333,"y":0},"t":290,"s":[{"i":[[0,0],[0,0],[0,0],[0,0]],"o":[[0,0],[0,0],[0,0],[0,0]],"v":[[6.784,-11.716],[6.784,11.716],[-6.784,11.716],[-6.784,-11.716]],"c":true}]},{"i":{"x":0.09,"y":1},"o":{"x":0.333,"y":0},"t":294.801,"s":[{"i":[[0,0],[0,0],[0,0],[0,0]],"o":[[0,0],[0,0],[0,0],[0,0]],"v":[[6.784,-39.129],[6.784,11.716],[-6.784,11.716],[-6.784,-39.129]],"c":true}]},{"i":{"x":0.667,"y":1},"o":{"x":0.333,"y":0},"t":304.4,"s":[{"i":[[0,0],[0,0],[0,0],[0,0]],"o":[[0,0],[0,0],[0,0],[0,0]],"v":[[6.784,-39.129],[6.784,-27.018],[-6.784,-27.018],[-6.784,-39.129]],"c":true}]},{"i":{"x":0.667,"y":1},"o":{"x":0.333,"y":0},"t":328.4,"s":[{"i":[[0,0],[0,0],[0,0],[0,0]],"o":[[0,0],[0,0],[0,0],[0,0]],"v":[[6.784,-39.129],[6.784,-27.018],[-6.784,-27.018],[-6.784,-39.129]],"c":true}]},{"i":{"x":0.125,"y":1},"o":{"x":0.333,"y":0},"t":333.199,"s":[{"i":[[0,0],[0,0],[0,0],[0,0]],"o":[[0,0],[0,0],[0,0],[0,0]],"v":[[6.784,-30.664],[6.784,30.359],[-6.784,30.359],[-6.784,-30.664]],"c":true}]},{"i":{"x":0.125,"y":1},"o":{"x":0.333,"y":0},"t":342.801,"s":[{"i":[[0,0],[0,0],[0,0],[0,0]],"o":[[0,0],[0,0],[0,0],[0,0]],"v":[[6.784,21.974],[6.784,33.387],[-6.784,33.387],[-6.784,21.974]],"c":true}]},{"i":{"x":0,"y":1},"o":{"x":0.333,"y":0},"t":371.6,"s":[{"i":[[0,0],[0,0],[0,0],[0,0]],"o":[[0,0],[0,0],[0,0],[0,0]],"v":[[6.784,21.974],[6.784,33.387],[-6.784,33.387],[-6.784,21.974]],"c":true}]},{"t":376.400390625,"s":[{"i":[[0,0],[0,0],[0,0],[0,0]],"o":[[0,0],[0,0],[0,0],[0,0]],"v":[[6.784,-11.716],[6.784,11.716],[-6.784,11.716],[-6.784,-11.716]],"c":true}]}],"ix":2},"nm":"路径 1","mn":"ADBE Vector Shape - Group","hd":false},{"ty":"tr","p":{"a":0,"k":[37.182,-2.312],"ix":2},"a":{"a":0,"k":[0,0],"ix":1},"s":{"a":0,"k":[80,53.668],"ix":3},"r":{"a":0,"k":0,"ix":6},"o":{"a":0,"k":100,"ix":7},"sk":{"a":0,"k":0,"ix":4},"sa":{"a":0,"k":0,"ix":5},"nm":"Transform"}],"nm":"矩形 4","np":3,"cix":2,"bm":0,"ix":1,"mn":"ADBE Vector Group","hd":false},{"ty":"gr","it":[{"ind":0,"ty":"sh","ix":1,"ks":{"a":1,"k":[{"i":{"x":0.667,"y":1},"o":{"x":0.333,"y":0},"t":50.4,"s":[{"i":[[0,0],[0,0],[0,0],[0,0]],"o":[[0,0],[0,0],[0,0],[0,0]],"v":[[31.784,-11.716],[31.784,11.716],[18.216,11.716],[18.216,-11.716]],"c":true}]},{"i":{"x":0,"y":1},"o":{"x":0.333,"y":0},"t":55.199,"s":[{"i":[[0,0],[0,0],[0,0],[0,0]],"o":[[0,0],[0,0],[0,0],[0,0]],"v":[[31.784,-39.129],[31.784,11.716],[18.216,11.716],[18.216,-39.129]],"c":true}]},{"i":{"x":0.667,"y":1},"o":{"x":0.333,"y":0},"t":64.801,"s":[{"i":[[0,0],[0,0],[0,0],[0,0]],"o":[[0,0],[0,0],[0,0],[0,0]],"v":[[31.784,-39.129],[31.784,-27.018],[18.216,-27.018],[18.216,-39.129]],"c":true}]},{"i":{"x":0.667,"y":1},"o":{"x":0.333,"y":0},"t":88.801,"s":[{"i":[[0,0],[0,0],[0,0],[0,0]],"o":[[0,0],[0,0],[0,0],[0,0]],"v":[[31.784,-39.129],[31.784,-27.018],[18.216,-27.018],[18.216,-39.129]],"c":true}]},{"i":{"x":0,"y":1},"o":{"x":0.333,"y":0},"t":93.6,"s":[{"i":[[0,0],[0,0],[0,0],[0,0]],"o":[[0,0],[0,0],[0,0],[0,0]],"v":[[31.784,-30.664],[31.784,25.235],[18.216,25.235],[18.216,-30.664]],"c":true}]},{"i":{"x":0,"y":1},"o":{"x":0.333,"y":0},"t":105.6,"s":[{"i":[[0,0],[0,0],[0,0],[0,0]],"o":[[0,0],[0,0],[0,0],[0,0]],"v":[[31.784,22.44],[31.784,33.154],[18.216,33.154],[18.216,22.44]],"c":true}]},{"i":{"x":0,"y":1},"o":{"x":0.333,"y":0},"t":132,"s":[{"i":[[0,0],[0,0],[0,0],[0,0]],"o":[[0,0],[0,0],[0,0],[0,0]],"v":[[31.784,22.44],[31.784,33.154],[18.216,33.154],[18.216,22.44]],"c":true}]},{"i":{"x":0.833,"y":1},"o":{"x":0.167,"y":0},"t":139.199,"s":[{"i":[[0,0],[0,0],[0,0],[0,0]],"o":[[0,0],[0,0],[0,0],[0,0]],"v":[[31.784,-11.716],[31.784,11.716],[18.216,11.716],[18.216,-11.716]],"c":true}]},{"i":{"x":0.667,"y":1},"o":{"x":0.333,"y":0},"t":172.4,"s":[{"i":[[0,0],[0,0],[0,0],[0,0]],"o":[[0,0],[0,0],[0,0],[0,0]],"v":[[31.784,-11.716],[31.784,11.716],[18.216,11.716],[18.216,-11.716]],"c":true}]},{"i":{"x":0,"y":1},"o":{"x":0.333,"y":0},"t":177.199,"s":[{"i":[[0,0],[0,0],[0,0],[0,0]],"o":[[0,0],[0,0],[0,0],[0,0]],"v":[[31.784,-39.129],[31.784,11.716],[18.216,11.716],[18.216,-39.129]],"c":true}]},{"i":{"x":0.667,"y":1},"o":{"x":0.333,"y":0},"t":186.801,"s":[{"i":[[0,0],[0,0],[0,0],[0,0]],"o":[[0,0],[0,0],[0,0],[0,0]],"v":[[31.784,-39.129],[31.784,-27.018],[18.216,-27.018],[18.216,-39.129]],"c":true}]},{"i":{"x":0.667,"y":1},"o":{"x":0.333,"y":0},"t":210.801,"s":[{"i":[[0,0],[0,0],[0,0],[0,0]],"o":[[0,0],[0,0],[0,0],[0,0]],"v":[[31.784,-39.129],[31.784,-27.018],[18.216,-27.018],[18.216,-39.129]],"c":true}]},{"i":{"x":0,"y":1},"o":{"x":0.333,"y":0},"t":215.6,"s":[{"i":[[0,0],[0,0],[0,0],[0,0]],"o":[[0,0],[0,0],[0,0],[0,0]],"v":[[31.784,-30.664],[31.784,25.235],[18.216,25.235],[18.216,-30.664]],"c":true}]},{"i":{"x":0,"y":1},"o":{"x":0.333,"y":0},"t":227.6,"s":[{"i":[[0,0],[0,0],[0,0],[0,0]],"o":[[0,0],[0,0],[0,0],[0,0]],"v":[[31.784,22.44],[31.784,33.154],[18.216,33.154],[18.216,22.44]],"c":true}]},{"i":{"x":0,"y":1},"o":{"x":0.333,"y":0},"t":254,"s":[{"i":[[0,0],[0,0],[0,0],[0,0]],"o":[[0,0],[0,0],[0,0],[0,0]],"v":[[31.784,22.44],[31.784,33.154],[18.216,33.154],[18.216,22.44]],"c":true}]},{"i":{"x":0.833,"y":1},"o":{"x":0.167,"y":0},"t":261.199,"s":[{"i":[[0,0],[0,0],[0,0],[0,0]],"o":[[0,0],[0,0],[0,0],[0,0]],"v":[[31.784,-11.716],[31.784,11.716],[18.216,11.716],[18.216,-11.716]],"c":true}]},{"i":{"x":0.667,"y":1},"o":{"x":0.333,"y":0},"t":292.4,"s":[{"i":[[0,0],[0,0],[0,0],[0,0]],"o":[[0,0],[0,0],[0,0],[0,0]],"v":[[31.784,-11.716],[31.784,11.716],[18.216,11.716],[18.216,-11.716]],"c":true}]},{"i":{"x":0,"y":1},"o":{"x":0.333,"y":0},"t":297.199,"s":[{"i":[[0,0],[0,0],[0,0],[0,0]],"o":[[0,0],[0,0],[0,0],[0,0]],"v":[[31.784,-39.129],[31.784,11.716],[18.216,11.716],[18.216,-39.129]],"c":true}]},{"i":{"x":0.667,"y":1},"o":{"x":0.333,"y":0},"t":306.801,"s":[{"i":[[0,0],[0,0],[0,0],[0,0]],"o":[[0,0],[0,0],[0,0],[0,0]],"v":[[31.784,-39.129],[31.784,-27.018],[18.216,-27.018],[18.216,-39.129]],"c":true}]},{"i":{"x":0.667,"y":1},"o":{"x":0.333,"y":0},"t":330.801,"s":[{"i":[[0,0],[0,0],[0,0],[0,0]],"o":[[0,0],[0,0],[0,0],[0,0]],"v":[[31.784,-39.129],[31.784,-27.018],[18.216,-27.018],[18.216,-39.129]],"c":true}]},{"i":{"x":0,"y":1},"o":{"x":0.333,"y":0},"t":335.6,"s":[{"i":[[0,0],[0,0],[0,0],[0,0]],"o":[[0,0],[0,0],[0,0],[0,0]],"v":[[31.784,-30.664],[31.784,25.235],[18.216,25.235],[18.216,-30.664]],"c":true}]},{"i":{"x":0,"y":1},"o":{"x":0.333,"y":0},"t":347.6,"s":[{"i":[[0,0],[0,0],[0,0],[0,0]],"o":[[0,0],[0,0],[0,0],[0,0]],"v":[[31.784,22.44],[31.784,33.154],[18.216,33.154],[18.216,22.44]],"c":true}]},{"i":{"x":0,"y":1},"o":{"x":0.333,"y":0},"t":374,"s":[{"i":[[0,0],[0,0],[0,0],[0,0]],"o":[[0,0],[0,0],[0,0],[0,0]],"v":[[31.784,22.44],[31.784,33.154],[18.216,33.154],[18.216,22.44]],"c":true}]},{"t":381.19921875,"s":[{"i":[[0,0],[0,0],[0,0],[0,0]],"o":[[0,0],[0,0],[0,0],[0,0]],"v":[[31.784,-11.716],[31.784,11.716],[18.216,11.716],[18.216,-11.716]],"c":true}]}],"ix":2},"nm":"路径 1","mn":"ADBE Vector Shape - Group","hd":false},{"ty":"tr","p":{"a":0,"k":[17.656,-2.092],"ix":2},"a":{"a":0,"k":[25.475,0.411],"ix":1},"s":{"a":0,"k":[80,53.668],"ix":3},"r":{"a":0,"k":0,"ix":6},"o":{"a":0,"k":100,"ix":7},"sk":{"a":0,"k":0,"ix":4},"sa":{"a":0,"k":0,"ix":5},"nm":"Transform"}],"nm":"矩形 3","np":3,"cix":2,"bm":0,"ix":2,"mn":"ADBE Vector Group","hd":false},{"ty":"gr","it":[{"ind":0,"ty":"sh","ix":1,"ks":{"a":1,"k":[{"i":{"x":0.667,"y":1},"o":{"x":0.333,"y":0},"t":52.801,"s":[{"i":[[0,0],[0,0],[0,0],[0,0]],"o":[[0,0],[0,0],[0,0],[0,0]],"v":[[56.784,-11.716],[56.784,11.716],[43.216,11.716],[43.216,-11.716]],"c":true}]},{"i":{"x":0,"y":1},"o":{"x":0.333,"y":0},"t":57.6,"s":[{"i":[[0,0],[0,0],[0,0],[0,0]],"o":[[0,0],[0,0],[0,0],[0,0]],"v":[[56.784,-39.129],[56.784,11.716],[43.216,11.716],[43.216,-39.129]],"c":true}]},{"i":{"x":0.667,"y":1},"o":{"x":0.333,"y":0},"t":69.6,"s":[{"i":[[0,0],[0,0],[0,0],[0,0]],"o":[[0,0],[0,0],[0,0],[0,0]],"v":[[56.784,-39.129],[56.784,-27.018],[43.216,-27.018],[43.216,-39.129]],"c":true}]},{"i":{"x":0.667,"y":1},"o":{"x":0.333,"y":0},"t":91.199,"s":[{"i":[[0,0],[0,0],[0,0],[0,0]],"o":[[0,0],[0,0],[0,0],[0,0]],"v":[[56.784,-39.129],[56.784,-27.018],[43.216,-27.018],[43.216,-39.129]],"c":true}]},{"i":{"x":0,"y":1},"o":{"x":0.333,"y":0},"t":98.4,"s":[{"i":[[0,0],[0,0],[0,0],[0,0]],"o":[[0,0],[0,0],[0,0],[0,0]],"v":[[56.784,-30.664],[56.784,25.235],[43.216,25.235],[43.216,-30.664]],"c":true}]},{"i":{"x":0,"y":1},"o":{"x":0.333,"y":0},"t":110.4,"s":[{"i":[[0,0],[0,0],[0,0],[0,0]],"o":[[0,0],[0,0],[0,0],[0,0]],"v":[[56.784,22.673],[56.784,32.921],[43.216,32.921],[43.216,22.673]],"c":true}]},{"i":{"x":0,"y":1},"o":{"x":0.333,"y":0},"t":134.4,"s":[{"i":[[0,0],[0,0],[0,0],[0,0]],"o":[[0,0],[0,0],[0,0],[0,0]],"v":[[56.784,22.673],[56.784,32.921],[43.216,32.921],[43.216,22.673]],"c":true}]},{"i":{"x":0.833,"y":1},"o":{"x":0.167,"y":0},"t":144,"s":[{"i":[[0,0],[0,0],[0,0],[0,0]],"o":[[0,0],[0,0],[0,0],[0,0]],"v":[[56.784,-11.716],[56.784,11.716],[43.216,11.716],[43.216,-11.716]],"c":true}]},{"i":{"x":0.667,"y":1},"o":{"x":0.333,"y":0},"t":174.801,"s":[{"i":[[0,0],[0,0],[0,0],[0,0]],"o":[[0,0],[0,0],[0,0],[0,0]],"v":[[56.784,-11.716],[56.784,11.716],[43.216,11.716],[43.216,-11.716]],"c":true}]},{"i":{"x":0,"y":1},"o":{"x":0.333,"y":0},"t":179.6,"s":[{"i":[[0,0],[0,0],[0,0],[0,0]],"o":[[0,0],[0,0],[0,0],[0,0]],"v":[[56.784,-39.129],[56.784,11.716],[43.216,11.716],[43.216,-39.129]],"c":true}]},{"i":{"x":0.667,"y":1},"o":{"x":0.333,"y":0},"t":191.6,"s":[{"i":[[0,0],[0,0],[0,0],[0,0]],"o":[[0,0],[0,0],[0,0],[0,0]],"v":[[56.784,-39.129],[56.784,-27.018],[43.216,-27.018],[43.216,-39.129]],"c":true}]},{"i":{"x":0.667,"y":1},"o":{"x":0.333,"y":0},"t":213.199,"s":[{"i":[[0,0],[0,0],[0,0],[0,0]],"o":[[0,0],[0,0],[0,0],[0,0]],"v":[[56.784,-39.129],[56.784,-27.018],[43.216,-27.018],[43.216,-39.129]],"c":true}]},{"i":{"x":0,"y":1},"o":{"x":0.333,"y":0},"t":220.4,"s":[{"i":[[0,0],[0,0],[0,0],[0,0]],"o":[[0,0],[0,0],[0,0],[0,0]],"v":[[56.784,-30.664],[56.784,25.235],[43.216,25.235],[43.216,-30.664]],"c":true}]},{"i":{"x":0,"y":1},"o":{"x":0.333,"y":0},"t":232.4,"s":[{"i":[[0,0],[0,0],[0,0],[0,0]],"o":[[0,0],[0,0],[0,0],[0,0]],"v":[[56.784,22.673],[56.784,32.921],[43.216,32.921],[43.216,22.673]],"c":true}]},{"i":{"x":0,"y":1},"o":{"x":0.333,"y":0},"t":256.4,"s":[{"i":[[0,0],[0,0],[0,0],[0,0]],"o":[[0,0],[0,0],[0,0],[0,0]],"v":[[56.784,22.673],[56.784,32.921],[43.216,32.921],[43.216,22.673]],"c":true}]},{"i":{"x":0.833,"y":1},"o":{"x":0.167,"y":0},"t":266,"s":[{"i":[[0,0],[0,0],[0,0],[0,0]],"o":[[0,0],[0,0],[0,0],[0,0]],"v":[[56.784,-11.716],[56.784,11.716],[43.216,11.716],[43.216,-11.716]],"c":true}]},{"i":{"x":0.667,"y":1},"o":{"x":0.333,"y":0},"t":294.801,"s":[{"i":[[0,0],[0,0],[0,0],[0,0]],"o":[[0,0],[0,0],[0,0],[0,0]],"v":[[56.784,-11.716],[56.784,11.716],[43.216,11.716],[43.216,-11.716]],"c":true}]},{"i":{"x":0,"y":1},"o":{"x":0.333,"y":0},"t":299.6,"s":[{"i":[[0,0],[0,0],[0,0],[0,0]],"o":[[0,0],[0,0],[0,0],[0,0]],"v":[[56.784,-39.129],[56.784,11.716],[43.216,11.716],[43.216,-39.129]],"c":true}]},{"i":{"x":0.667,"y":1},"o":{"x":0.333,"y":0},"t":311.6,"s":[{"i":[[0,0],[0,0],[0,0],[0,0]],"o":[[0,0],[0,0],[0,0],[0,0]],"v":[[56.784,-39.129],[56.784,-27.018],[43.216,-27.018],[43.216,-39.129]],"c":true}]},{"i":{"x":0.667,"y":1},"o":{"x":0.333,"y":0},"t":333.199,"s":[{"i":[[0,0],[0,0],[0,0],[0,0]],"o":[[0,0],[0,0],[0,0],[0,0]],"v":[[56.784,-39.129],[56.784,-27.018],[43.216,-27.018],[43.216,-39.129]],"c":true}]},{"i":{"x":0,"y":1},"o":{"x":0.333,"y":0},"t":340.4,"s":[{"i":[[0,0],[0,0],[0,0],[0,0]],"o":[[0,0],[0,0],[0,0],[0,0]],"v":[[56.784,-30.664],[56.784,25.235],[43.216,25.235],[43.216,-30.664]],"c":true}]},{"i":{"x":0,"y":1},"o":{"x":0.333,"y":0},"t":352.4,"s":[{"i":[[0,0],[0,0],[0,0],[0,0]],"o":[[0,0],[0,0],[0,0],[0,0]],"v":[[56.784,22.673],[56.784,32.921],[43.216,32.921],[43.216,22.673]],"c":true}]},{"i":{"x":0,"y":1},"o":{"x":0.333,"y":0},"t":376.4,"s":[{"i":[[0,0],[0,0],[0,0],[0,0]],"o":[[0,0],[0,0],[0,0],[0,0]],"v":[[56.784,22.673],[56.784,32.921],[43.216,32.921],[43.216,22.673]],"c":true}]},{"t":386,"s":[{"i":[[0,0],[0,0],[0,0],[0,0]],"o":[[0,0],[0,0],[0,0],[0,0]],"v":[[56.784,-11.716],[56.784,11.716],[43.216,11.716],[43.216,-11.716]],"c":true}]}],"ix":2},"nm":"路径 1","mn":"ADBE Vector Shape - Group","hd":false},{"ty":"tr","p":{"a":0,"k":[-2.896,-1.797],"ix":2},"a":{"a":0,"k":[49.922,0.961],"ix":1},"s":{"a":0,"k":[80,53.668],"ix":3},"r":{"a":0,"k":0,"ix":6},"o":{"a":0,"k":100,"ix":7},"sk":{"a":0,"k":0,"ix":4},"sa":{"a":0,"k":0,"ix":5},"nm":"Transform"}],"nm":"矩形 2","np":3,"cix":2,"bm":0,"ix":3,"mn":"ADBE Vector Group","hd":false},{"ty":"gr","it":[{"ind":0,"ty":"sh","ix":1,"ks":{"a":1,"k":[{"i":{"x":0.667,"y":1},"o":{"x":0.333,"y":0},"t":55.199,"s":[{"i":[[0,0],[0,0],[0,0],[0,0]],"o":[[0,0],[0,0],[0,0],[0,0]],"v":[[81.784,-11.716],[81.784,11.716],[68.216,11.716],[68.216,-11.716]],"c":true}]},{"i":{"x":0.09,"y":1},"o":{"x":0.333,"y":0},"t":62.4,"s":[{"i":[[0,0],[0,0],[0,0],[0,0]],"o":[[0,0],[0,0],[0,0],[0,0]],"v":[[81.784,-39.129],[81.784,11.716],[68.216,11.716],[68.216,-39.129]],"c":true}]},{"i":{"x":0.667,"y":1},"o":{"x":0.333,"y":0},"t":74.4,"s":[{"i":[[0,0],[0,0],[0,0],[0,0]],"o":[[0,0],[0,0],[0,0],[0,0]],"v":[[81.784,-39.129],[81.784,-27.018],[68.216,-27.018],[68.216,-39.129]],"c":true}]},{"i":{"x":0.667,"y":1},"o":{"x":0.333,"y":0},"t":93.6,"s":[{"i":[[0,0],[0,0],[0,0],[0,0]],"o":[[0,0],[0,0],[0,0],[0,0]],"v":[[81.784,-39.129],[81.784,-27.018],[68.216,-27.018],[68.216,-39.129]],"c":true}]},{"i":{"x":0.125,"y":1},"o":{"x":0.333,"y":0},"t":103.199,"s":[{"i":[[0,0],[0,0],[0,0],[0,0]],"o":[[0,0],[0,0],[0,0],[0,0]],"v":[[81.784,-30.664],[81.784,25.235],[68.216,25.235],[68.216,-30.664]],"c":true}]},{"i":{"x":0.125,"y":1},"o":{"x":0.333,"y":0},"t":115.199,"s":[{"i":[[0,0],[0,0],[0,0],[0,0]],"o":[[0,0],[0,0],[0,0],[0,0]],"v":[[81.784,22.673],[81.784,32.688],[68.216,32.688],[68.216,22.673]],"c":true}]},{"i":{"x":0,"y":1},"o":{"x":0.333,"y":0},"t":136.801,"s":[{"i":[[0,0],[0,0],[0,0],[0,0]],"o":[[0,0],[0,0],[0,0],[0,0]],"v":[[81.784,22.673],[81.784,32.688],[68.216,32.688],[68.216,22.673]],"c":true}]},{"i":{"x":0.833,"y":1},"o":{"x":0.167,"y":0},"t":148.801,"s":[{"i":[[0,0],[0,0],[0,0],[0,0]],"o":[[0,0],[0,0],[0,0],[0,0]],"v":[[81.784,-11.716],[81.784,11.716],[68.216,11.716],[68.216,-11.716]],"c":true}]},{"i":{"x":0.667,"y":1},"o":{"x":0.333,"y":0},"t":177.199,"s":[{"i":[[0,0],[0,0],[0,0],[0,0]],"o":[[0,0],[0,0],[0,0],[0,0]],"v":[[81.784,-11.716],[81.784,11.716],[68.216,11.716],[68.216,-11.716]],"c":true}]},{"i":{"x":0.09,"y":1},"o":{"x":0.333,"y":0},"t":184.4,"s":[{"i":[[0,0],[0,0],[0,0],[0,0]],"o":[[0,0],[0,0],[0,0],[0,0]],"v":[[81.784,-39.129],[81.784,11.716],[68.216,11.716],[68.216,-39.129]],"c":true}]},{"i":{"x":0.667,"y":1},"o":{"x":0.333,"y":0},"t":196.4,"s":[{"i":[[0,0],[0,0],[0,0],[0,0]],"o":[[0,0],[0,0],[0,0],[0,0]],"v":[[81.784,-39.129],[81.784,-27.018],[68.216,-27.018],[68.216,-39.129]],"c":true}]},{"i":{"x":0.667,"y":1},"o":{"x":0.333,"y":0},"t":215.6,"s":[{"i":[[0,0],[0,0],[0,0],[0,0]],"o":[[0,0],[0,0],[0,0],[0,0]],"v":[[81.784,-39.129],[81.784,-27.018],[68.216,-27.018],[68.216,-39.129]],"c":true}]},{"i":{"x":0.125,"y":1},"o":{"x":0.333,"y":0},"t":225.199,"s":[{"i":[[0,0],[0,0],[0,0],[0,0]],"o":[[0,0],[0,0],[0,0],[0,0]],"v":[[81.784,-30.664],[81.784,25.235],[68.216,25.235],[68.216,-30.664]],"c":true}]},{"i":{"x":0.125,"y":1},"o":{"x":0.333,"y":0},"t":237.199,"s":[{"i":[[0,0],[0,0],[0,0],[0,0]],"o":[[0,0],[0,0],[0,0],[0,0]],"v":[[81.784,22.673],[81.784,32.688],[68.216,32.688],[68.216,22.673]],"c":true}]},{"i":{"x":0,"y":1},"o":{"x":0.333,"y":0},"t":258.801,"s":[{"i":[[0,0],[0,0],[0,0],[0,0]],"o":[[0,0],[0,0],[0,0],[0,0]],"v":[[81.784,22.673],[81.784,32.688],[68.216,32.688],[68.216,22.673]],"c":true}]},{"i":{"x":0.833,"y":1},"o":{"x":0.167,"y":0},"t":270.801,"s":[{"i":[[0,0],[0,0],[0,0],[0,0]],"o":[[0,0],[0,0],[0,0],[0,0]],"v":[[81.784,-11.716],[81.784,11.716],[68.216,11.716],[68.216,-11.716]],"c":true}]},{"i":{"x":0.667,"y":1},"o":{"x":0.333,"y":0},"t":297.199,"s":[{"i":[[0,0],[0,0],[0,0],[0,0]],"o":[[0,0],[0,0],[0,0],[0,0]],"v":[[81.784,-11.716],[81.784,11.716],[68.216,11.716],[68.216,-11.716]],"c":true}]},{"i":{"x":0.09,"y":1},"o":{"x":0.333,"y":0},"t":304.4,"s":[{"i":[[0,0],[0,0],[0,0],[0,0]],"o":[[0,0],[0,0],[0,0],[0,0]],"v":[[81.784,-39.129],[81.784,11.716],[68.216,11.716],[68.216,-39.129]],"c":true}]},{"i":{"x":0.667,"y":1},"o":{"x":0.333,"y":0},"t":316.4,"s":[{"i":[[0,0],[0,0],[0,0],[0,0]],"o":[[0,0],[0,0],[0,0],[0,0]],"v":[[81.784,-39.129],[81.784,-27.018],[68.216,-27.018],[68.216,-39.129]],"c":true}]},{"i":{"x":0.667,"y":1},"o":{"x":0.333,"y":0},"t":335.6,"s":[{"i":[[0,0],[0,0],[0,0],[0,0]],"o":[[0,0],[0,0],[0,0],[0,0]],"v":[[81.784,-39.129],[81.784,-27.018],[68.216,-27.018],[68.216,-39.129]],"c":true}]},{"i":{"x":0.125,"y":1},"o":{"x":0.333,"y":0},"t":345.199,"s":[{"i":[[0,0],[0,0],[0,0],[0,0]],"o":[[0,0],[0,0],[0,0],[0,0]],"v":[[81.784,-30.664],[81.784,25.235],[68.216,25.235],[68.216,-30.664]],"c":true}]},{"i":{"x":0.125,"y":1},"o":{"x":0.333,"y":0},"t":357.199,"s":[{"i":[[0,0],[0,0],[0,0],[0,0]],"o":[[0,0],[0,0],[0,0],[0,0]],"v":[[81.784,22.673],[81.784,32.688],[68.216,32.688],[68.216,22.673]],"c":true}]},{"i":{"x":0,"y":1},"o":{"x":0.333,"y":0},"t":378.801,"s":[{"i":[[0,0],[0,0],[0,0],[0,0]],"o":[[0,0],[0,0],[0,0],[0,0]],"v":[[81.784,22.673],[81.784,32.688],[68.216,32.688],[68.216,22.673]],"c":true}]},{"t":390.80078125,"s":[{"i":[[0,0],[0,0],[0,0],[0,0]],"o":[[0,0],[0,0],[0,0],[0,0]],"v":[[81.784,-11.716],[81.784,11.716],[68.216,11.716],[68.216,-11.716]],"c":true}]}],"ix":2},"nm":"路径 1","mn":"ADBE Vector Shape - Group","hd":false},{"ty":"tr","p":{"a":0,"k":[-22.678,-2.182],"ix":2},"a":{"a":0,"k":[75.141,0.244],"ix":1},"s":{"a":0,"k":[80,53.668],"ix":3},"r":{"a":0,"k":0,"ix":6},"o":{"a":0,"k":100,"ix":7},"sk":{"a":0,"k":0,"ix":4},"sa":{"a":0,"k":0,"ix":5},"nm":"Transform"}],"nm":"矩形 1","np":3,"cix":2,"bm":0,"ix":4,"mn":"ADBE Vector Group","hd":false},{"ty":"fl","c":{"a":0,"k":[0.5,0.72549021244,0.043137256056,1],"ix":4},"o":{"a":1,"k":[{"i":{"x":[0.833],"y":[0.833]},"o":{"x":[0.167],"y":[0.167]},"t":45.6,"s":[1]},{"i":{"x":[0.833],"y":[0.833]},"o":{"x":[0.167],"y":[0.167]},"t":52.801,"s":[100]},{"i":{"x":[0.833],"y":[0.833]},"o":{"x":[0.167],"y":[0.167]},"t":399,"s":[100]},{"t":406.19921875,"s":[1]}],"ix":5},"r":1,"bm":0,"nm":"填充 1","mn":"ADBE Vector Graphic - Fill","hd":false}],"ip":0,"op":780,"st":0,"bm":0}],"markers":[]}
