{"nm":"Loader (Spin)","ddd":0,"h":80,"w":80,"meta":{"g":"LottieFiles Figma v44"},"layers":[{"ty":4,"nm":"SCW Icon (Placeholder)","sr":1,"st":0,"op":89,"ip":0,"hd":false,"ddd":0,"bm":0,"hasMask":false,"ao":0,"ks":{"a":{"a":1,"k":[{"o":{"x":0,"y":0},"i":{"x":1,"y":1},"s":[0.46,0.46],"t":0},{"o":{"x":0,"y":0},"i":{"x":1,"y":1},"s":[0.46,0.46],"t":6.000000089406967},{"o":{"x":0,"y":0},"i":{"x":1,"y":1},"s":[0.46,0.46],"t":15},{"o":{"x":0,"y":0},"i":{"x":1,"y":1},"s":[8,8],"t":46},{"o":{"x":0,"y":0},"i":{"x":1,"y":1},"s":[8,8],"t":52},{"o":{"x":0,"y":0},"i":{"x":1,"y":1},"s":[8,8],"t":67},{"o":{"x":0,"y":0},"i":{"x":1,"y":1},"s":[8,8],"t":73},{"s":[0.46,0.46],"t":88}]},"s":{"a":0,"k":[100,100]},"sk":{"a":0,"k":0},"p":{"a":1,"k":[{"o":{"x":0,"y":0},"i":{"x":1,"y":1},"s":[41.63,41.63],"t":0},{"o":{"x":0,"y":0},"i":{"x":1,"y":1},"s":[41.63,41.63],"t":6.000000089406967},{"o":{"x":0,"y":0},"i":{"x":1,"y":1},"s":[41.63,41.63],"t":15},{"o":{"x":0,"y":0},"i":{"x":1,"y":1},"s":[54,58.39],"t":46},{"o":{"x":0,"y":0},"i":{"x":1,"y":1},"s":[54,58.39],"t":52},{"o":{"x":0,"y":0},"i":{"x":1,"y":1},"s":[54,58.39],"t":67},{"o":{"x":0,"y":0},"i":{"x":1,"y":1},"s":[54,58.39],"t":73},{"s":[41.63,41.63],"t":88}]},"r":{"a":1,"k":[{"o":{"x":0,"y":0},"i":{"x":1,"y":1},"s":[60],"t":0},{"o":{"x":0,"y":0},"i":{"x":1,"y":1},"s":[60],"t":6.000000089406967},{"o":{"x":0,"y":0},"i":{"x":1,"y":1},"s":[60],"t":15},{"o":{"x":0,"y":0},"i":{"x":1,"y":1},"s":[60],"t":46},{"o":{"x":0,"y":0},"i":{"x":1,"y":1},"s":[60],"t":52},{"o":{"x":0,"y":0},"i":{"x":1,"y":1},"s":[120],"t":67},{"o":{"x":0,"y":0},"i":{"x":1,"y":1},"s":[120],"t":73},{"s":[180],"t":88}]},"sa":{"a":0,"k":0},"o":{"a":1,"k":[{"o":{"x":0,"y":0},"i":{"x":1,"y":1},"s":[100],"t":0},{"o":{"x":0,"y":0},"i":{"x":1,"y":1},"s":[100],"t":6.000000089406967},{"o":{"x":0,"y":0},"i":{"x":1,"y":1},"s":[100],"t":15},{"o":{"x":0,"y":0},"i":{"x":1,"y":1},"s":[100],"t":46},{"o":{"x":0,"y":0},"i":{"x":1,"y":1},"s":[100],"t":52},{"o":{"x":0,"y":0},"i":{"x":1,"y":1},"s":[100],"t":67},{"o":{"x":0,"y":0},"i":{"x":1,"y":1},"s":[100],"t":73},{"s":[100],"t":88}]}},"shapes":[],"ind":1},{"ty":4,"nm":"Subtract","sr":1,"st":0,"op":89.39,"ip":0,"hd":false,"ddd":0,"bm":0,"hasMask":false,"ao":0,"ks":{"a":{"a":1,"k":[{"o":{"x":0,"y":0},"i":{"x":1,"y":1},"s":[0.46,0.46],"t":0},{"o":{"x":0,"y":0},"i":{"x":1,"y":1},"s":[0.46,0.46],"t":6.000000089406967},{"o":{"x":0,"y":0},"i":{"x":1,"y":1},"s":[0.46,0.46],"t":15.000000447034836},{"o":{"x":0,"y":0},"i":{"x":1,"y":1},"s":[0.46,0.46],"t":15.03000044845976},{"o":{"x":0,"y":0},"i":{"x":1,"y":1},"s":[8,8],"t":45.69281363510527},{"o":{"x":0,"y":0},"i":{"x":1,"y":1},"s":[8,8],"t":51.692813724512234},{"o":{"x":0,"y":0},"i":{"x":1,"y":1},"s":[8,8],"t":67.02422031783499},{"o":{"x":0,"y":0},"i":{"x":1,"y":1},"s":[8,8],"t":73.02422040724196},{"o":{"x":0,"y":0},"i":{"x":1,"y":1},"s":[0.46,0.46],"t":88.35562700056471},{"s":[0.46,0.46],"t":88.38562700198963}]},"s":{"a":1,"k":[{"o":{"x":0,"y":0},"i":{"x":1,"y":1},"s":[100,100],"t":0},{"o":{"x":0,"y":0},"i":{"x":1,"y":1},"s":[100,100],"t":6.000000089406967},{"o":{"x":0,"y":0},"i":{"x":1,"y":1},"s":[100,100],"t":15.000000447034836},{"o":{"x":0,"y":0},"i":{"x":1,"y":1},"s":[100,100],"t":15.03000044845976},{"o":{"x":0,"y":0},"i":{"x":1,"y":1},"s":[100,100],"t":45.69281363510527},{"o":{"x":0,"y":0},"i":{"x":1,"y":1},"s":[100,100],"t":51.692813724512234},{"o":{"x":0,"y":0},"i":{"x":1,"y":1},"s":[100,100],"t":67.02422031783499},{"o":{"x":0,"y":0},"i":{"x":1,"y":1},"s":[100,100],"t":73.02422040724196},{"o":{"x":0,"y":0},"i":{"x":1,"y":1},"s":[100,100],"t":88.35562700056471},{"s":[100,100],"t":88.38562700198963}]},"sk":{"a":0,"k":0},"p":{"a":1,"k":[{"o":{"x":0,"y":0},"i":{"x":1,"y":1},"s":[0.46,0.46],"t":0},{"o":{"x":0,"y":0},"i":{"x":1,"y":1},"s":[0.46,0.46],"t":6.000000089406967},{"o":{"x":0,"y":0},"i":{"x":1,"y":1},"s":[0.46,0.46],"t":15.000000447034836},{"o":{"x":0,"y":0},"i":{"x":1,"y":1},"s":[0.46,0.46],"t":15.03000044845976},{"o":{"x":0,"y":0},"i":{"x":1,"y":1},"s":[8,8],"t":45.69281363510527},{"o":{"x":0,"y":0},"i":{"x":1,"y":1},"s":[8,8],"t":51.692813724512234},{"o":{"x":0,"y":0},"i":{"x":1,"y":1},"s":[8,8],"t":67.02422031783499},{"o":{"x":0,"y":0},"i":{"x":1,"y":1},"s":[8,8],"t":73.02422040724196},{"o":{"x":0,"y":0},"i":{"x":1,"y":1},"s":[0.46,0.46],"t":88.35562700056471},{"s":[0.46,0.46],"t":88.38562700198963}]},"r":{"a":1,"k":[{"o":{"x":0,"y":0},"i":{"x":1,"y":1},"s":[0],"t":0},{"o":{"x":0,"y":0},"i":{"x":1,"y":1},"s":[0],"t":6.000000089406967},{"o":{"x":0,"y":0},"i":{"x":1,"y":1},"s":[0],"t":15.000000447034836},{"o":{"x":0,"y":0},"i":{"x":1,"y":1},"s":[0],"t":15.03000044845976},{"o":{"x":0,"y":0},"i":{"x":1,"y":1},"s":[0],"t":45.69281363510527},{"o":{"x":0,"y":0},"i":{"x":1,"y":1},"s":[0],"t":51.692813724512234},{"o":{"x":0,"y":0},"i":{"x":1,"y":1},"s":[0],"t":67.02422031783499},{"o":{"x":0,"y":0},"i":{"x":1,"y":1},"s":[0],"t":73.02422040724196},{"o":{"x":0,"y":0},"i":{"x":1,"y":1},"s":[0],"t":88.35562700056471},{"s":[0],"t":88.38562700198963}]},"sa":{"a":0,"k":0},"o":{"a":1,"k":[{"o":{"x":0,"y":0},"i":{"x":1,"y":1},"s":[0],"t":0},{"o":{"x":0,"y":0},"i":{"x":1,"y":1},"s":[0],"t":6.000000089406967},{"o":{"x":0,"y":0},"i":{"x":1,"y":1},"s":[100],"t":15.000000447034836},{"o":{"x":0,"y":0},"i":{"x":1,"y":1},"s":[100],"t":15.03000044845976},{"o":{"x":0,"y":0},"i":{"x":1,"y":1},"s":[100],"t":45.69281363510527},{"o":{"x":0,"y":0},"i":{"x":1,"y":1},"s":[100],"t":51.692813724512234},{"o":{"x":0,"y":0},"i":{"x":1,"y":1},"s":[100],"t":67.02422031783499},{"o":{"x":0,"y":0},"i":{"x":1,"y":1},"s":[100],"t":73.02422040724196},{"o":{"x":0,"y":0},"i":{"x":1,"y":1},"s":[100],"t":88.35562700056471},{"s":[100],"t":88.38562700198963}]}},"shapes":[{"ty":"sh","bm":0,"hd":false,"nm":"","d":1,"ks":{"a":1,"k":[{"o":{"x":0,"y":0},"i":{"x":1,"y":1},"s":[{"c":true,"i":[[0,0],[0,0],[0,0],[0,0],[0,0],[0,0],[0,0],[0,0],[0,0],[0,0],[0,0],[0,0],[0,0],[0,0],[0,0],[0,0],[0,0],[0,0],[0,0],[0,0],[0,0],[0,0],[0,0],[0,0],[0,0]],"o":[[0,0],[0,0],[0,0],[0,0],[0,0],[0,0],[0,0],[0,0],[0,0],[0,0],[0,0],[0,0],[0,0],[0,0],[0,0],[0,0],[0,0],[0,0],[0,0],[0,0],[0,0],[0,0],[0,0],[0,0],[0,0]],"v":[[0.66,0.8],[0.59,0.93],[0.46,0.86],[0.34,0.93],[0.27,0.8],[0.12,0.8],[0.12,0.66],[0,0.59],[0.07,0.46],[0,0.34],[0.12,0.27],[0.12,0.12],[0.27,0.12],[0.34,0],[0.46,0.07],[0.59,0],[0.66,0.12],[0.8,0.12],[0.8,0.27],[0.93,0.34],[0.86,0.46],[0.93,0.59],[0.8,0.66],[0.8,0.8],[0.66,0.8]]}],"t":0},{"o":{"x":0,"y":0},"i":{"x":1,"y":1},"s":[{"c":true,"i":[[0,0],[0,0],[0,0],[0,0],[0,0],[0,0],[0,0],[0,0],[0,0],[0,0],[0,0],[0,0],[0,0],[0,0],[0,0],[0,0],[0,0],[0,0],[0,0],[0,0],[0,0],[0,0],[0,0],[0,0],[0,0]],"o":[[0,0],[0,0],[0,0],[0,0],[0,0],[0,0],[0,0],[0,0],[0,0],[0,0],[0,0],[0,0],[0,0],[0,0],[0,0],[0,0],[0,0],[0,0],[0,0],[0,0],[0,0],[0,0],[0,0],[0,0],[0,0]],"v":[[0.66,0.8],[0.59,0.93],[0.46,0.86],[0.34,0.93],[0.27,0.8],[0.12,0.8],[0.12,0.66],[0,0.59],[0.07,0.46],[0,0.34],[0.12,0.27],[0.12,0.12],[0.27,0.12],[0.34,0],[0.46,0.07],[0.59,0],[0.66,0.12],[0.8,0.12],[0.8,0.27],[0.93,0.34],[0.86,0.46],[0.93,0.59],[0.8,0.66],[0.8,0.8],[0.66,0.8]]}],"t":6.000000089406967},{"o":{"x":0,"y":0},"i":{"x":1,"y":1},"s":[{"c":true,"i":[[0,0],[0,0],[0,0],[0,0],[0,0],[0,0],[0,0],[0,0],[0,0],[0,0],[0,0],[0,0],[0,0],[0,0],[0,0],[0,0],[0,0],[0,0],[0,0],[0,0],[0,0],[0,0],[0,0],[0,0],[0,0]],"o":[[0,0],[0,0],[0,0],[0,0],[0,0],[0,0],[0,0],[0,0],[0,0],[0,0],[0,0],[0,0],[0,0],[0,0],[0,0],[0,0],[0,0],[0,0],[0,0],[0,0],[0,0],[0,0],[0,0],[0,0],[0,0]],"v":[[0.66,0.8],[0.59,0.93],[0.46,0.86],[0.34,0.93],[0.27,0.8],[0.12,0.8],[0.12,0.66],[0,0.59],[0.07,0.46],[0,0.34],[0.12,0.27],[0.12,0.12],[0.27,0.12],[0.34,0],[0.46,0.07],[0.59,0],[0.66,0.12],[0.8,0.12],[0.8,0.27],[0.93,0.34],[0.86,0.46],[0.93,0.59],[0.8,0.66],[0.8,0.8],[0.66,0.8]]}],"t":15.000000447034836},{"o":{"x":0,"y":0},"i":{"x":1,"y":1},"s":[{"c":true,"i":[[0,0],[0,0],[0,0],[0,0],[0,0],[0,0],[0,0],[0,0],[0,0],[0,0],[0,0],[0,0],[0,0],[0,0],[0,0],[0,0],[0,0],[0,0],[0,0],[0,0],[0,0],[0,0],[0,0],[0,0],[0,0]],"o":[[0,0],[0,0],[0,0],[0,0],[0,0],[0,0],[0,0],[0,0],[0,0],[0,0],[0,0],[0,0],[0,0],[0,0],[0,0],[0,0],[0,0],[0,0],[0,0],[0,0],[0,0],[0,0],[0,0],[0,0],[0,0]],"v":[[0.66,0.8],[0.59,0.93],[0.46,0.86],[0.34,0.93],[0.27,0.8],[0.12,0.8],[0.12,0.66],[0,0.59],[0.07,0.46],[0,0.34],[0.12,0.27],[0.12,0.12],[0.27,0.12],[0.34,0],[0.46,0.07],[0.59,0],[0.66,0.12],[0.8,0.12],[0.8,0.27],[0.93,0.34],[0.86,0.46],[0.93,0.59],[0.8,0.66],[0.8,0.8],[0.66,0.8]]}],"t":15.03000044845976},{"o":{"x":0,"y":0},"i":{"x":1,"y":1},"s":[{"c":true,"i":[[0,0],[0,0],[0,0],[0,0],[0,0],[0,0],[0,0],[0,0],[0,0],[0,0],[0,0],[0,0],[0,0],[0,0],[0,0],[0,0],[0,0],[0,0],[0,0],[0,0],[0,0],[0,0],[0,0],[0,0],[0,0]],"o":[[0,0],[0,0],[0,0],[0,0],[0,0],[0,0],[0,0],[0,0],[0,0],[0,0],[0,0],[0,0],[0,0],[0,0],[0,0],[0,0],[0,0],[0,0],[0,0],[0,0],[0,0],[0,0],[0,0],[0,0],[0,0]],"v":[[11.38,13.86],[10.14,16],[8,14.76],[5.86,16],[4.62,13.86],[2.14,13.86],[2.14,11.38],[0,10.14],[1.24,8],[0,5.86],[2.14,4.62],[2.14,2.14],[4.62,2.14],[5.86,0],[8,1.24],[10.14,0],[11.38,2.14],[13.86,2.14],[13.86,4.62],[16,5.86],[14.76,8],[16,10.14],[13.86,11.38],[13.86,13.86],[11.38,13.86]]}],"t":45.69281363510527},{"o":{"x":0,"y":0},"i":{"x":1,"y":1},"s":[{"c":true,"i":[[0,0],[0,0],[0,0],[0,0],[0,0],[0,0],[0,0],[0,0],[0,0],[0,0],[0,0],[0,0],[0,0],[0,0],[0,0],[0,0],[0,0],[0,0],[0,0],[0,0],[0,0],[0,0],[0,0],[0,0],[0,0]],"o":[[0,0],[0,0],[0,0],[0,0],[0,0],[0,0],[0,0],[0,0],[0,0],[0,0],[0,0],[0,0],[0,0],[0,0],[0,0],[0,0],[0,0],[0,0],[0,0],[0,0],[0,0],[0,0],[0,0],[0,0],[0,0]],"v":[[11.38,13.86],[10.14,16],[8,14.76],[5.86,16],[4.62,13.86],[2.14,13.86],[2.14,11.38],[0,10.14],[1.24,8],[0,5.86],[2.14,4.62],[2.14,2.14],[4.62,2.14],[5.86,0],[8,1.24],[10.14,0],[11.38,2.14],[13.86,2.14],[13.86,4.62],[16,5.86],[14.76,8],[16,10.14],[13.86,11.38],[13.86,13.86],[11.38,13.86]]}],"t":51.692813724512234},{"o":{"x":0,"y":0},"i":{"x":1,"y":1},"s":[{"c":true,"i":[[0,0],[0,0],[0,0],[0,0],[0,0],[0,0],[0,0],[0,0],[0,0],[0,0],[0,0],[0,0],[0,0],[0,0],[0,0],[0,0],[0,0],[0,0],[0,0],[0,0],[0,0],[0,0],[0,0],[0,0],[0,0]],"o":[[0,0],[0,0],[0,0],[0,0],[0,0],[0,0],[0,0],[0,0],[0,0],[0,0],[0,0],[0,0],[0,0],[0,0],[0,0],[0,0],[0,0],[0,0],[0,0],[0,0],[0,0],[0,0],[0,0],[0,0],[0,0]],"v":[[11.38,13.86],[10.14,16],[8,14.76],[5.86,16],[4.62,13.86],[2.14,13.86],[2.14,11.38],[0,10.14],[1.24,8],[0,5.86],[2.14,4.62],[2.14,2.14],[4.62,2.14],[5.86,0],[8,1.24],[10.14,0],[11.38,2.14],[13.86,2.14],[13.86,4.62],[16,5.86],[14.76,8],[16,10.14],[13.86,11.38],[13.86,13.86],[11.38,13.86]]}],"t":67.02422031783499},{"o":{"x":0,"y":0},"i":{"x":1,"y":1},"s":[{"c":true,"i":[[0,0],[0,0],[0,0],[0,0],[0,0],[0,0],[0,0],[0,0],[0,0],[0,0],[0,0],[0,0],[0,0],[0,0],[0,0],[0,0],[0,0],[0,0],[0,0],[0,0],[0,0],[0,0],[0,0],[0,0],[0,0]],"o":[[0,0],[0,0],[0,0],[0,0],[0,0],[0,0],[0,0],[0,0],[0,0],[0,0],[0,0],[0,0],[0,0],[0,0],[0,0],[0,0],[0,0],[0,0],[0,0],[0,0],[0,0],[0,0],[0,0],[0,0],[0,0]],"v":[[11.38,13.86],[10.14,16],[8,14.76],[5.86,16],[4.62,13.86],[2.14,13.86],[2.14,11.38],[0,10.14],[1.24,8],[0,5.86],[2.14,4.62],[2.14,2.14],[4.62,2.14],[5.86,0],[8,1.24],[10.14,0],[11.38,2.14],[13.86,2.14],[13.86,4.62],[16,5.86],[14.76,8],[16,10.14],[13.86,11.38],[13.86,13.86],[11.38,13.86]]}],"t":73.02422040724196},{"o":{"x":0,"y":0},"i":{"x":1,"y":1},"s":[{"c":true,"i":[[0,0],[0,0],[0,0],[0,0],[0,0],[0,0],[0,0],[0,0],[0,0],[0,0],[0,0],[0,0],[0,0],[0,0],[0,0],[0,0],[0,0],[0,0],[0,0],[0,0],[0,0],[0,0],[0,0],[0,0],[0,0]],"o":[[0,0],[0,0],[0,0],[0,0],[0,0],[0,0],[0,0],[0,0],[0,0],[0,0],[0,0],[0,0],[0,0],[0,0],[0,0],[0,0],[0,0],[0,0],[0,0],[0,0],[0,0],[0,0],[0,0],[0,0],[0,0]],"v":[[0.66,0.8],[0.59,0.93],[0.46,0.86],[0.34,0.93],[0.27,0.8],[0.12,0.8],[0.12,0.66],[0,0.59],[0.07,0.46],[0,0.34],[0.12,0.27],[0.12,0.12],[0.27,0.12],[0.34,0],[0.46,0.07],[0.59,0],[0.66,0.12],[0.8,0.12],[0.8,0.27],[0.93,0.34],[0.86,0.46],[0.93,0.59],[0.8,0.66],[0.8,0.8],[0.66,0.8]]}],"t":88.35562700056471},{"s":[{"c":true,"i":[[0,0],[0,0],[0,0],[0,0],[0,0],[0,0],[0,0],[0,0],[0,0],[0,0],[0,0],[0,0],[0,0],[0,0],[0,0],[0,0],[0,0],[0,0],[0,0],[0,0],[0,0],[0,0],[0,0],[0,0],[0,0]],"o":[[0,0],[0,0],[0,0],[0,0],[0,0],[0,0],[0,0],[0,0],[0,0],[0,0],[0,0],[0,0],[0,0],[0,0],[0,0],[0,0],[0,0],[0,0],[0,0],[0,0],[0,0],[0,0],[0,0],[0,0],[0,0]],"v":[[0.66,0.8],[0.59,0.93],[0.46,0.86],[0.34,0.93],[0.27,0.8],[0.12,0.8],[0.12,0.66],[0,0.59],[0.07,0.46],[0,0.34],[0.12,0.27],[0.12,0.12],[0.27,0.12],[0.34,0],[0.46,0.07],[0.59,0],[0.66,0.12],[0.8,0.12],[0.8,0.27],[0.93,0.34],[0.86,0.46],[0.93,0.59],[0.8,0.66],[0.8,0.8],[0.66,0.8]]}],"t":88.38562700198963}]}},{"ty":"sh","bm":0,"hd":false,"nm":"","d":1,"ks":{"a":1,"k":[{"o":{"x":0,"y":0},"i":{"x":1,"y":1},"s":[{"c":true,"i":[[0,0],[0,0],[0,0],[0,0],[0,0],[0,0],[0,0],[0,0],[0,0]],"o":[[0,0],[0,0],[0,0],[0,0],[0,0],[0,0],[0,0],[0,0],[0,0]],"v":[[0.37,0.37],[0.46,0.21],[0.56,0.37],[0.72,0.46],[0.56,0.56],[0.46,0.72],[0.37,0.56],[0.21,0.46],[0.37,0.37]]}],"t":0},{"o":{"x":0,"y":0},"i":{"x":1,"y":1},"s":[{"c":true,"i":[[0,0],[0,0],[0,0],[0,0],[0,0],[0,0],[0,0],[0,0],[0,0]],"o":[[0,0],[0,0],[0,0],[0,0],[0,0],[0,0],[0,0],[0,0],[0,0]],"v":[[0.37,0.37],[0.46,0.21],[0.56,0.37],[0.72,0.46],[0.56,0.56],[0.46,0.72],[0.37,0.56],[0.21,0.46],[0.37,0.37]]}],"t":6.000000089406967},{"o":{"x":0,"y":0},"i":{"x":1,"y":1},"s":[{"c":true,"i":[[0,0],[0,0],[0,0],[0,0],[0,0],[0,0],[0,0],[0,0],[0,0]],"o":[[0,0],[0,0],[0,0],[0,0],[0,0],[0,0],[0,0],[0,0],[0,0]],"v":[[0.37,0.37],[0.46,0.21],[0.56,0.37],[0.72,0.46],[0.56,0.56],[0.46,0.72],[0.37,0.56],[0.21,0.46],[0.37,0.37]]}],"t":15.000000447034836},{"o":{"x":0,"y":0},"i":{"x":1,"y":1},"s":[{"c":true,"i":[[0,0],[0,0],[0,0],[0,0],[0,0],[0,0],[0,0],[0,0],[0,0]],"o":[[0,0],[0,0],[0,0],[0,0],[0,0],[0,0],[0,0],[0,0],[0,0]],"v":[[0.37,0.37],[0.46,0.21],[0.56,0.37],[0.72,0.46],[0.56,0.56],[0.46,0.72],[0.37,0.56],[0.21,0.46],[0.37,0.37]]}],"t":15.03000044845976},{"o":{"x":0,"y":0},"i":{"x":1,"y":1},"s":[{"c":true,"i":[[0,0],[0,0],[0,0],[0,0],[0,0],[0,0],[0,0],[0,0],[0,0]],"o":[[0,0],[0,0],[0,0],[0,0],[0,0],[0,0],[0,0],[0,0],[0,0]],"v":[[6.31,6.31],[8,3.58],[9.69,6.31],[12.42,8],[9.69,9.69],[8,12.42],[6.31,9.69],[3.58,8],[6.31,6.31]]}],"t":45.69281363510527},{"o":{"x":0,"y":0},"i":{"x":1,"y":1},"s":[{"c":true,"i":[[0,0],[0,0],[0,0],[0,0],[0,0],[0,0],[0,0],[0,0],[0,0]],"o":[[0,0],[0,0],[0,0],[0,0],[0,0],[0,0],[0,0],[0,0],[0,0]],"v":[[6.31,6.31],[8,3.58],[9.69,6.31],[12.42,8],[9.69,9.69],[8,12.42],[6.31,9.69],[3.58,8],[6.31,6.31]]}],"t":51.692813724512234},{"o":{"x":0,"y":0},"i":{"x":1,"y":1},"s":[{"c":true,"i":[[0,0],[0,0],[0,0],[0,0],[0,0],[0,0],[0,0],[0,0],[0,0]],"o":[[0,0],[0,0],[0,0],[0,0],[0,0],[0,0],[0,0],[0,0],[0,0]],"v":[[6.31,6.31],[8,3.58],[9.69,6.31],[12.42,8],[9.69,9.69],[8,12.42],[6.31,9.69],[3.58,8],[6.31,6.31]]}],"t":67.02422031783499},{"o":{"x":0,"y":0},"i":{"x":1,"y":1},"s":[{"c":true,"i":[[0,0],[0,0],[0,0],[0,0],[0,0],[0,0],[0,0],[0,0],[0,0]],"o":[[0,0],[0,0],[0,0],[0,0],[0,0],[0,0],[0,0],[0,0],[0,0]],"v":[[6.31,6.31],[8,3.58],[9.69,6.31],[12.42,8],[9.69,9.69],[8,12.42],[6.31,9.69],[3.58,8],[6.31,6.31]]}],"t":73.02422040724196},{"o":{"x":0,"y":0},"i":{"x":1,"y":1},"s":[{"c":true,"i":[[0,0],[0,0],[0,0],[0,0],[0,0],[0,0],[0,0],[0,0],[0,0]],"o":[[0,0],[0,0],[0,0],[0,0],[0,0],[0,0],[0,0],[0,0],[0,0]],"v":[[0.37,0.37],[0.46,0.21],[0.56,0.37],[0.72,0.46],[0.56,0.56],[0.46,0.72],[0.37,0.56],[0.21,0.46],[0.37,0.37]]}],"t":88.35562700056471},{"s":[{"c":true,"i":[[0,0],[0,0],[0,0],[0,0],[0,0],[0,0],[0,0],[0,0],[0,0]],"o":[[0,0],[0,0],[0,0],[0,0],[0,0],[0,0],[0,0],[0,0],[0,0]],"v":[[0.37,0.37],[0.46,0.21],[0.56,0.37],[0.72,0.46],[0.56,0.56],[0.46,0.72],[0.37,0.56],[0.21,0.46],[0.37,0.37]]}],"t":88.38562700198963}]}},{"ty":"gf","bm":0,"hd":false,"nm":"","e":{"a":1,"k":[{"o":{"x":0,"y":0},"i":{"x":1,"y":1},"s":[0.4641129970550537,0.9282249808311462],"t":0},{"o":{"x":0,"y":0},"i":{"x":1,"y":1},"s":[0.4641129970550537,0.9282249808311462],"t":6.000000089406967},{"o":{"x":0,"y":0},"i":{"x":1,"y":1},"s":[0.4641129970550537,0.9282249808311462],"t":15.000000447034836},{"o":{"x":0,"y":0},"i":{"x":1,"y":1},"s":[0.4641129970550537,0.9282249808311462],"t":15.03000044845976},{"o":{"x":0,"y":0},"i":{"x":1,"y":1},"s":[8,16],"t":45.69281363510527},{"o":{"x":0,"y":0},"i":{"x":1,"y":1},"s":[8,16],"t":51.692813724512234},{"o":{"x":0,"y":0},"i":{"x":1,"y":1},"s":[8,16],"t":67.02422031783499},{"o":{"x":0,"y":0},"i":{"x":1,"y":1},"s":[8,16],"t":73.02422040724196},{"o":{"x":0,"y":0},"i":{"x":1,"y":1},"s":[0.4641129970550537,0.9282249808311462],"t":88.35562700056471},{"s":[0.4641129970550537,0.9282249808311462],"t":88.38562700198963}]},"g":{"p":2,"k":{"a":1,"k":[{"o":{"x":0,"y":0},"i":{"x":1,"y":1},"s":[0.059841740876436234,1,0.9747304874681959,0.658372517230464,0.7773159742355347,1,0.6823921757959852,0.9961176472925672],"t":0},{"o":{"x":0,"y":0},"i":{"x":1,"y":1},"s":[0.059841740876436234,1,0.9747304874681959,0.658372517230464,0.7773159742355347,1,0.6823921757959852,0.9961176472925672],"t":6.000000089406967},{"o":{"x":0,"y":0},"i":{"x":1,"y":1},"s":[0.059841740876436234,1,0.9747304874681959,0.658372517230464,0.7773159742355347,1,0.6823921757959852,0.9961176472925672],"t":15.000000447034836},{"o":{"x":0,"y":0},"i":{"x":1,"y":1},"s":[0.059841740876436234,1,0.9747304874681959,0.658372517230464,0.7773159742355347,1,0.6823921757959852,0.9961176472925672],"t":15.03000044845976},{"o":{"x":0,"y":0},"i":{"x":1,"y":1},"s":[0.059841740876436234,1,0.9747304874681959,0.658372517230464,0.7773159742355347,1,0.6823921757959852,0.9961176472925672],"t":45.69281363510527},{"o":{"x":0,"y":0},"i":{"x":1,"y":1},"s":[0.059841740876436234,1,0.9747304874681959,0.658372517230464,0.7773159742355347,1,0.6823921757959852,0.9961176472925672],"t":51.692813724512234},{"o":{"x":0,"y":0},"i":{"x":1,"y":1},"s":[0.059841740876436234,1,0.9747304874681959,0.658372517230464,0.7773159742355347,1,0.6823921757959852,0.9961176472925672],"t":67.02422031783499},{"o":{"x":0,"y":0},"i":{"x":1,"y":1},"s":[0.059841740876436234,1,0.9747304874681959,0.658372517230464,0.7773159742355347,1,0.6823921757959852,0.9961176472925672],"t":73.02422040724196},{"o":{"x":0,"y":0},"i":{"x":1,"y":1},"s":[0.059841740876436234,1,0.9747304874681959,0.658372517230464,0.7773159742355347,1,0.6823921757959852,0.9961176472925672],"t":88.35562700056471},{"s":[0.059841740876436234,1,0.9747304874681959,0.658372517230464,0.7773159742355347,1,0.6823921757959852,0.9961176472925672],"t":88.38562700198963}]}},"t":1,"a":{"a":0,"k":0},"h":{"a":0,"k":0},"s":{"a":1,"k":[{"o":{"x":0,"y":0},"i":{"x":1,"y":1},"s":[0.4641129970550537,0],"t":0},{"o":{"x":0,"y":0},"i":{"x":1,"y":1},"s":[0.4641129970550537,0],"t":6.000000089406967},{"o":{"x":0,"y":0},"i":{"x":1,"y":1},"s":[0.4641129970550537,0],"t":15.000000447034836},{"o":{"x":0,"y":0},"i":{"x":1,"y":1},"s":[0.4641129970550537,0],"t":15.03000044845976},{"o":{"x":0,"y":0},"i":{"x":1,"y":1},"s":[8,0],"t":45.69281363510527},{"o":{"x":0,"y":0},"i":{"x":1,"y":1},"s":[8,0],"t":51.692813724512234},{"o":{"x":0,"y":0},"i":{"x":1,"y":1},"s":[8,0],"t":67.02422031783499},{"o":{"x":0,"y":0},"i":{"x":1,"y":1},"s":[8,0],"t":73.02422040724196},{"o":{"x":0,"y":0},"i":{"x":1,"y":1},"s":[0.4641129970550537,0],"t":88.35562700056471},{"s":[0.4641129970550537,0],"t":88.38562700198963}]},"r":2,"o":{"a":1,"k":[{"o":{"x":0,"y":0},"i":{"x":1,"y":1},"s":[100],"t":0},{"o":{"x":0,"y":0},"i":{"x":1,"y":1},"s":[100],"t":6.000000089406967},{"o":{"x":0,"y":0},"i":{"x":1,"y":1},"s":[100],"t":15.000000447034836},{"o":{"x":0,"y":0},"i":{"x":1,"y":1},"s":[100],"t":15.03000044845976},{"o":{"x":0,"y":0},"i":{"x":1,"y":1},"s":[100],"t":45.69281363510527},{"o":{"x":0,"y":0},"i":{"x":1,"y":1},"s":[100],"t":51.692813724512234},{"o":{"x":0,"y":0},"i":{"x":1,"y":1},"s":[100],"t":67.02422031783499},{"o":{"x":0,"y":0},"i":{"x":1,"y":1},"s":[100],"t":73.02422040724196},{"o":{"x":0,"y":0},"i":{"x":1,"y":1},"s":[100],"t":88.35562700056471},{"s":[100],"t":88.38562700198963}]}}],"ind":2,"parent":1},{"ty":4,"nm":"SCW Icon (Placeholder)","sr":1,"st":0,"op":89,"ip":0,"hd":false,"ddd":0,"bm":0,"hasMask":false,"ao":0,"ks":{"a":{"a":1,"k":[{"o":{"x":0,"y":0},"i":{"x":1,"y":1},"s":[0.66,0.66],"t":0},{"o":{"x":0,"y":0},"i":{"x":1,"y":1},"s":[0.66,0.66],"t":6.000000089406967},{"o":{"x":0,"y":0},"i":{"x":1,"y":1},"s":[0.66,0.66],"t":15},{"o":{"x":0,"y":0},"i":{"x":1,"y":1},"s":[12,12],"t":46},{"o":{"x":0,"y":0},"i":{"x":1,"y":1},"s":[12,12],"t":52},{"o":{"x":0,"y":0},"i":{"x":1,"y":1},"s":[12,12],"t":67},{"o":{"x":0,"y":0},"i":{"x":1,"y":1},"s":[12,12],"t":73},{"s":[0.66,0.66],"t":88}]},"s":{"a":0,"k":[100,100]},"sk":{"a":0,"k":0},"p":{"a":1,"k":[{"o":{"x":0,"y":0},"i":{"x":1,"y":1},"s":[41.9,37.9],"t":0},{"o":{"x":0,"y":0},"i":{"x":1,"y":1},"s":[41.9,37.9],"t":6.000000089406967},{"o":{"x":0,"y":0},"i":{"x":1,"y":1},"s":[41.9,37.9],"t":15},{"o":{"x":0,"y":0},"i":{"x":1,"y":1},"s":[60,26.39],"t":46},{"o":{"x":0,"y":0},"i":{"x":1,"y":1},"s":[60,26.39],"t":52},{"o":{"x":0,"y":0},"i":{"x":1,"y":1},"s":[60,26.39],"t":67},{"o":{"x":0,"y":0},"i":{"x":1,"y":1},"s":[60,26.39],"t":73},{"s":[41.9,37.9],"t":88}]},"r":{"a":1,"k":[{"o":{"x":0,"y":0},"i":{"x":1,"y":1},"s":[30],"t":0},{"o":{"x":0,"y":0},"i":{"x":1,"y":1},"s":[30],"t":6.000000089406967},{"o":{"x":0,"y":0},"i":{"x":1,"y":1},"s":[30],"t":15},{"o":{"x":0,"y":0},"i":{"x":1,"y":1},"s":[30],"t":46},{"o":{"x":0,"y":0},"i":{"x":1,"y":1},"s":[30],"t":52},{"o":{"x":0,"y":0},"i":{"x":1,"y":1},"s":[60],"t":67},{"o":{"x":0,"y":0},"i":{"x":1,"y":1},"s":[60],"t":73},{"s":[90],"t":88}]},"sa":{"a":0,"k":0},"o":{"a":1,"k":[{"o":{"x":0,"y":0},"i":{"x":1,"y":1},"s":[100],"t":0},{"o":{"x":0,"y":0},"i":{"x":1,"y":1},"s":[100],"t":6.000000089406967},{"o":{"x":0,"y":0},"i":{"x":1,"y":1},"s":[100],"t":15},{"o":{"x":0,"y":0},"i":{"x":1,"y":1},"s":[100],"t":46},{"o":{"x":0,"y":0},"i":{"x":1,"y":1},"s":[100],"t":52},{"o":{"x":0,"y":0},"i":{"x":1,"y":1},"s":[100],"t":67},{"o":{"x":0,"y":0},"i":{"x":1,"y":1},"s":[100],"t":73},{"s":[100],"t":88}]}},"shapes":[],"ind":3},{"ty":4,"nm":"Subtract","sr":1,"st":0,"op":89.39,"ip":0,"hd":false,"ddd":0,"bm":0,"hasMask":false,"ao":0,"ks":{"a":{"a":1,"k":[{"o":{"x":0,"y":0},"i":{"x":1,"y":1},"s":[0.66,0.66],"t":0},{"o":{"x":0,"y":0},"i":{"x":1,"y":1},"s":[0.66,0.66],"t":6.000000089406967},{"o":{"x":0,"y":0},"i":{"x":1,"y":1},"s":[0.66,0.66],"t":15.000000447034836},{"o":{"x":0,"y":0},"i":{"x":1,"y":1},"s":[0.66,0.66],"t":15.03000044845976},{"o":{"x":0,"y":0},"i":{"x":1,"y":1},"s":[12,12],"t":45.69281363510527},{"o":{"x":0,"y":0},"i":{"x":1,"y":1},"s":[12,12],"t":51.692813724512234},{"o":{"x":0,"y":0},"i":{"x":1,"y":1},"s":[12,12],"t":67.02422031783499},{"o":{"x":0,"y":0},"i":{"x":1,"y":1},"s":[12,12],"t":73.02422040724196},{"o":{"x":0,"y":0},"i":{"x":1,"y":1},"s":[0.66,0.66],"t":88.35562700056471},{"s":[0.66,0.66],"t":88.38562700198963}]},"s":{"a":1,"k":[{"o":{"x":0,"y":0},"i":{"x":1,"y":1},"s":[100,100],"t":0},{"o":{"x":0,"y":0},"i":{"x":1,"y":1},"s":[100,100],"t":6.000000089406967},{"o":{"x":0,"y":0},"i":{"x":1,"y":1},"s":[100,100],"t":15.000000447034836},{"o":{"x":0,"y":0},"i":{"x":1,"y":1},"s":[100,100],"t":15.03000044845976},{"o":{"x":0,"y":0},"i":{"x":1,"y":1},"s":[100,100],"t":45.69281363510527},{"o":{"x":0,"y":0},"i":{"x":1,"y":1},"s":[100,100],"t":51.692813724512234},{"o":{"x":0,"y":0},"i":{"x":1,"y":1},"s":[100,100],"t":67.02422031783499},{"o":{"x":0,"y":0},"i":{"x":1,"y":1},"s":[100,100],"t":73.02422040724196},{"o":{"x":0,"y":0},"i":{"x":1,"y":1},"s":[100,100],"t":88.35562700056471},{"s":[100,100],"t":88.38562700198963}]},"sk":{"a":0,"k":0},"p":{"a":1,"k":[{"o":{"x":0,"y":0},"i":{"x":1,"y":1},"s":[0.66,0.66],"t":0},{"o":{"x":0,"y":0},"i":{"x":1,"y":1},"s":[0.66,0.66],"t":6.000000089406967},{"o":{"x":0,"y":0},"i":{"x":1,"y":1},"s":[0.66,0.66],"t":15.000000447034836},{"o":{"x":0,"y":0},"i":{"x":1,"y":1},"s":[0.66,0.66],"t":15.03000044845976},{"o":{"x":0,"y":0},"i":{"x":1,"y":1},"s":[12,12],"t":45.69281363510527},{"o":{"x":0,"y":0},"i":{"x":1,"y":1},"s":[12,12],"t":51.692813724512234},{"o":{"x":0,"y":0},"i":{"x":1,"y":1},"s":[12,12],"t":67.02422031783499},{"o":{"x":0,"y":0},"i":{"x":1,"y":1},"s":[12,12],"t":73.02422040724196},{"o":{"x":0,"y":0},"i":{"x":1,"y":1},"s":[0.66,0.66],"t":88.35562700056471},{"s":[0.66,0.66],"t":88.38562700198963}]},"r":{"a":1,"k":[{"o":{"x":0,"y":0},"i":{"x":1,"y":1},"s":[0],"t":0},{"o":{"x":0,"y":0},"i":{"x":1,"y":1},"s":[0],"t":6.000000089406967},{"o":{"x":0,"y":0},"i":{"x":1,"y":1},"s":[0],"t":15.000000447034836},{"o":{"x":0,"y":0},"i":{"x":1,"y":1},"s":[0],"t":15.03000044845976},{"o":{"x":0,"y":0},"i":{"x":1,"y":1},"s":[0],"t":45.69281363510527},{"o":{"x":0,"y":0},"i":{"x":1,"y":1},"s":[0],"t":51.692813724512234},{"o":{"x":0,"y":0},"i":{"x":1,"y":1},"s":[0],"t":67.02422031783499},{"o":{"x":0,"y":0},"i":{"x":1,"y":1},"s":[0],"t":73.02422040724196},{"o":{"x":0,"y":0},"i":{"x":1,"y":1},"s":[0],"t":88.35562700056471},{"s":[0],"t":88.38562700198963}]},"sa":{"a":0,"k":0},"o":{"a":1,"k":[{"o":{"x":0,"y":0},"i":{"x":1,"y":1},"s":[0],"t":0},{"o":{"x":0,"y":0},"i":{"x":1,"y":1},"s":[0],"t":6.000000089406967},{"o":{"x":0,"y":0},"i":{"x":1,"y":1},"s":[100],"t":15.000000447034836},{"o":{"x":0,"y":0},"i":{"x":1,"y":1},"s":[100],"t":15.03000044845976},{"o":{"x":0,"y":0},"i":{"x":1,"y":1},"s":[100],"t":45.69281363510527},{"o":{"x":0,"y":0},"i":{"x":1,"y":1},"s":[100],"t":51.692813724512234},{"o":{"x":0,"y":0},"i":{"x":1,"y":1},"s":[100],"t":67.02422031783499},{"o":{"x":0,"y":0},"i":{"x":1,"y":1},"s":[100],"t":73.02422040724196},{"o":{"x":0,"y":0},"i":{"x":1,"y":1},"s":[100],"t":88.35562700056471},{"s":[100],"t":88.38562700198963}]}},"shapes":[{"ty":"sh","bm":0,"hd":false,"nm":"","d":1,"ks":{"a":1,"k":[{"o":{"x":0,"y":0},"i":{"x":1,"y":1},"s":[{"c":true,"i":[[0,0],[0,0],[0,0],[0,0],[0,0],[0,0],[0,0],[0,0],[0,0],[0,0],[0,0],[0,0],[0,0],[0,0],[0,0],[0,0],[0,0],[0,0],[0,0],[0,0],[0,0],[0,0],[0,0],[0,0],[0,0]],"o":[[0,0],[0,0],[0,0],[0,0],[0,0],[0,0],[0,0],[0,0],[0,0],[0,0],[0,0],[0,0],[0,0],[0,0],[0,0],[0,0],[0,0],[0,0],[0,0],[0,0],[0,0],[0,0],[0,0],[0,0],[0,0]],"v":[[0.93,1.14],[0.83,1.31],[0.66,1.21],[0.48,1.31],[0.38,1.14],[0.18,1.14],[0.18,0.93],[0,0.83],[0.1,0.66],[0,0.48],[0.18,0.38],[0.18,0.18],[0.38,0.18],[0.48,0],[0.66,0.1],[0.83,0],[0.93,0.18],[1.14,0.18],[1.14,0.38],[1.31,0.48],[1.21,0.66],[1.31,0.83],[1.14,0.93],[1.14,1.14],[0.93,1.14]]}],"t":0},{"o":{"x":0,"y":0},"i":{"x":1,"y":1},"s":[{"c":true,"i":[[0,0],[0,0],[0,0],[0,0],[0,0],[0,0],[0,0],[0,0],[0,0],[0,0],[0,0],[0,0],[0,0],[0,0],[0,0],[0,0],[0,0],[0,0],[0,0],[0,0],[0,0],[0,0],[0,0],[0,0],[0,0]],"o":[[0,0],[0,0],[0,0],[0,0],[0,0],[0,0],[0,0],[0,0],[0,0],[0,0],[0,0],[0,0],[0,0],[0,0],[0,0],[0,0],[0,0],[0,0],[0,0],[0,0],[0,0],[0,0],[0,0],[0,0],[0,0]],"v":[[0.93,1.14],[0.83,1.31],[0.66,1.21],[0.48,1.31],[0.38,1.14],[0.18,1.14],[0.18,0.93],[0,0.83],[0.1,0.66],[0,0.48],[0.18,0.38],[0.18,0.18],[0.38,0.18],[0.48,0],[0.66,0.1],[0.83,0],[0.93,0.18],[1.14,0.18],[1.14,0.38],[1.31,0.48],[1.21,0.66],[1.31,0.83],[1.14,0.93],[1.14,1.14],[0.93,1.14]]}],"t":6.000000089406967},{"o":{"x":0,"y":0},"i":{"x":1,"y":1},"s":[{"c":true,"i":[[0,0],[0,0],[0,0],[0,0],[0,0],[0,0],[0,0],[0,0],[0,0],[0,0],[0,0],[0,0],[0,0],[0,0],[0,0],[0,0],[0,0],[0,0],[0,0],[0,0],[0,0],[0,0],[0,0],[0,0],[0,0]],"o":[[0,0],[0,0],[0,0],[0,0],[0,0],[0,0],[0,0],[0,0],[0,0],[0,0],[0,0],[0,0],[0,0],[0,0],[0,0],[0,0],[0,0],[0,0],[0,0],[0,0],[0,0],[0,0],[0,0],[0,0],[0,0]],"v":[[0.93,1.14],[0.83,1.31],[0.66,1.21],[0.48,1.31],[0.38,1.14],[0.18,1.14],[0.18,0.93],[0,0.83],[0.1,0.66],[0,0.48],[0.18,0.38],[0.18,0.18],[0.38,0.18],[0.48,0],[0.66,0.1],[0.83,0],[0.93,0.18],[1.14,0.18],[1.14,0.38],[1.31,0.48],[1.21,0.66],[1.31,0.83],[1.14,0.93],[1.14,1.14],[0.93,1.14]]}],"t":15.000000447034836},{"o":{"x":0,"y":0},"i":{"x":1,"y":1},"s":[{"c":true,"i":[[0,0],[0,0],[0,0],[0,0],[0,0],[0,0],[0,0],[0,0],[0,0],[0,0],[0,0],[0,0],[0,0],[0,0],[0,0],[0,0],[0,0],[0,0],[0,0],[0,0],[0,0],[0,0],[0,0],[0,0],[0,0]],"o":[[0,0],[0,0],[0,0],[0,0],[0,0],[0,0],[0,0],[0,0],[0,0],[0,0],[0,0],[0,0],[0,0],[0,0],[0,0],[0,0],[0,0],[0,0],[0,0],[0,0],[0,0],[0,0],[0,0],[0,0],[0,0]],"v":[[0.93,1.14],[0.83,1.31],[0.66,1.21],[0.48,1.31],[0.38,1.14],[0.18,1.14],[0.18,0.93],[0,0.83],[0.1,0.66],[0,0.48],[0.18,0.38],[0.18,0.18],[0.38,0.18],[0.48,0],[0.66,0.1],[0.83,0],[0.93,0.18],[1.14,0.18],[1.14,0.38],[1.31,0.48],[1.21,0.66],[1.31,0.83],[1.14,0.93],[1.14,1.14],[0.93,1.14]]}],"t":15.03000044845976},{"o":{"x":0,"y":0},"i":{"x":1,"y":1},"s":[{"c":true,"i":[[0,0],[0,0],[0,0],[0,0],[0,0],[0,0],[0,0],[0,0],[0,0],[0,0],[0,0],[0,0],[0,0],[0,0],[0,0],[0,0],[0,0],[0,0],[0,0],[0,0],[0,0],[0,0],[0,0],[0,0],[0,0]],"o":[[0,0],[0,0],[0,0],[0,0],[0,0],[0,0],[0,0],[0,0],[0,0],[0,0],[0,0],[0,0],[0,0],[0,0],[0,0],[0,0],[0,0],[0,0],[0,0],[0,0],[0,0],[0,0],[0,0],[0,0],[0,0]],"v":[[17.07,20.78],[15.22,24],[12,22.14],[8.78,24],[6.93,20.78],[3.21,20.78],[3.21,17.07],[0,15.22],[1.86,12],[0,8.78],[3.21,6.93],[3.21,3.22],[6.93,3.22],[8.78,0],[12,1.86],[15.22,0],[17.07,3.22],[20.78,3.22],[20.78,6.93],[24,8.78],[22.14,12],[24,15.22],[20.78,17.07],[20.78,20.78],[17.07,20.78]]}],"t":45.69281363510527},{"o":{"x":0,"y":0},"i":{"x":1,"y":1},"s":[{"c":true,"i":[[0,0],[0,0],[0,0],[0,0],[0,0],[0,0],[0,0],[0,0],[0,0],[0,0],[0,0],[0,0],[0,0],[0,0],[0,0],[0,0],[0,0],[0,0],[0,0],[0,0],[0,0],[0,0],[0,0],[0,0],[0,0]],"o":[[0,0],[0,0],[0,0],[0,0],[0,0],[0,0],[0,0],[0,0],[0,0],[0,0],[0,0],[0,0],[0,0],[0,0],[0,0],[0,0],[0,0],[0,0],[0,0],[0,0],[0,0],[0,0],[0,0],[0,0],[0,0]],"v":[[17.07,20.78],[15.22,24],[12,22.14],[8.78,24],[6.93,20.78],[3.21,20.78],[3.21,17.07],[0,15.22],[1.86,12],[0,8.78],[3.21,6.93],[3.21,3.22],[6.93,3.22],[8.78,0],[12,1.86],[15.22,0],[17.07,3.22],[20.78,3.22],[20.78,6.93],[24,8.78],[22.14,12],[24,15.22],[20.78,17.07],[20.78,20.78],[17.07,20.78]]}],"t":51.692813724512234},{"o":{"x":0,"y":0},"i":{"x":1,"y":1},"s":[{"c":true,"i":[[0,0],[0,0],[0,0],[0,0],[0,0],[0,0],[0,0],[0,0],[0,0],[0,0],[0,0],[0,0],[0,0],[0,0],[0,0],[0,0],[0,0],[0,0],[0,0],[0,0],[0,0],[0,0],[0,0],[0,0],[0,0]],"o":[[0,0],[0,0],[0,0],[0,0],[0,0],[0,0],[0,0],[0,0],[0,0],[0,0],[0,0],[0,0],[0,0],[0,0],[0,0],[0,0],[0,0],[0,0],[0,0],[0,0],[0,0],[0,0],[0,0],[0,0],[0,0]],"v":[[17.07,20.78],[15.22,24],[12,22.14],[8.78,24],[6.93,20.78],[3.21,20.78],[3.21,17.07],[0,15.22],[1.86,12],[0,8.78],[3.21,6.93],[3.21,3.22],[6.93,3.22],[8.78,0],[12,1.86],[15.22,0],[17.07,3.22],[20.78,3.22],[20.78,6.93],[24,8.78],[22.14,12],[24,15.22],[20.78,17.07],[20.78,20.78],[17.07,20.78]]}],"t":67.02422031783499},{"o":{"x":0,"y":0},"i":{"x":1,"y":1},"s":[{"c":true,"i":[[0,0],[0,0],[0,0],[0,0],[0,0],[0,0],[0,0],[0,0],[0,0],[0,0],[0,0],[0,0],[0,0],[0,0],[0,0],[0,0],[0,0],[0,0],[0,0],[0,0],[0,0],[0,0],[0,0],[0,0],[0,0]],"o":[[0,0],[0,0],[0,0],[0,0],[0,0],[0,0],[0,0],[0,0],[0,0],[0,0],[0,0],[0,0],[0,0],[0,0],[0,0],[0,0],[0,0],[0,0],[0,0],[0,0],[0,0],[0,0],[0,0],[0,0],[0,0]],"v":[[17.07,20.78],[15.22,24],[12,22.14],[8.78,24],[6.93,20.78],[3.21,20.78],[3.21,17.07],[0,15.22],[1.86,12],[0,8.78],[3.21,6.93],[3.21,3.22],[6.93,3.22],[8.78,0],[12,1.86],[15.22,0],[17.07,3.22],[20.78,3.22],[20.78,6.93],[24,8.78],[22.14,12],[24,15.22],[20.78,17.07],[20.78,20.78],[17.07,20.78]]}],"t":73.02422040724196},{"o":{"x":0,"y":0},"i":{"x":1,"y":1},"s":[{"c":true,"i":[[0,0],[0,0],[0,0],[0,0],[0,0],[0,0],[0,0],[0,0],[0,0],[0,0],[0,0],[0,0],[0,0],[0,0],[0,0],[0,0],[0,0],[0,0],[0,0],[0,0],[0,0],[0,0],[0,0],[0,0],[0,0]],"o":[[0,0],[0,0],[0,0],[0,0],[0,0],[0,0],[0,0],[0,0],[0,0],[0,0],[0,0],[0,0],[0,0],[0,0],[0,0],[0,0],[0,0],[0,0],[0,0],[0,0],[0,0],[0,0],[0,0],[0,0],[0,0]],"v":[[0.93,1.14],[0.83,1.31],[0.66,1.21],[0.48,1.31],[0.38,1.14],[0.18,1.14],[0.18,0.93],[0,0.83],[0.1,0.66],[0,0.48],[0.18,0.38],[0.18,0.18],[0.38,0.18],[0.48,0],[0.66,0.1],[0.83,0],[0.93,0.18],[1.14,0.18],[1.14,0.38],[1.31,0.48],[1.21,0.66],[1.31,0.83],[1.14,0.93],[1.14,1.14],[0.93,1.14]]}],"t":88.35562700056471},{"s":[{"c":true,"i":[[0,0],[0,0],[0,0],[0,0],[0,0],[0,0],[0,0],[0,0],[0,0],[0,0],[0,0],[0,0],[0,0],[0,0],[0,0],[0,0],[0,0],[0,0],[0,0],[0,0],[0,0],[0,0],[0,0],[0,0],[0,0]],"o":[[0,0],[0,0],[0,0],[0,0],[0,0],[0,0],[0,0],[0,0],[0,0],[0,0],[0,0],[0,0],[0,0],[0,0],[0,0],[0,0],[0,0],[0,0],[0,0],[0,0],[0,0],[0,0],[0,0],[0,0],[0,0]],"v":[[0.93,1.14],[0.83,1.31],[0.66,1.21],[0.48,1.31],[0.38,1.14],[0.18,1.14],[0.18,0.93],[0,0.83],[0.1,0.66],[0,0.48],[0.18,0.38],[0.18,0.18],[0.38,0.18],[0.48,0],[0.66,0.1],[0.83,0],[0.93,0.18],[1.14,0.18],[1.14,0.38],[1.31,0.48],[1.21,0.66],[1.31,0.83],[1.14,0.93],[1.14,1.14],[0.93,1.14]]}],"t":88.38562700198963}]}},{"ty":"sh","bm":0,"hd":false,"nm":"","d":1,"ks":{"a":1,"k":[{"o":{"x":0,"y":0},"i":{"x":1,"y":1},"s":[{"c":true,"i":[[0,0],[0,0],[0,0],[0,0],[0,0],[0,0],[0,0],[0,0],[0,0]],"o":[[0,0],[0,0],[0,0],[0,0],[0,0],[0,0],[0,0],[0,0],[0,0]],"v":[[0.52,0.52],[0.66,0.29],[0.8,0.52],[1.02,0.66],[0.8,0.8],[0.66,1.02],[0.52,0.8],[0.29,0.66],[0.52,0.52]]}],"t":0},{"o":{"x":0,"y":0},"i":{"x":1,"y":1},"s":[{"c":true,"i":[[0,0],[0,0],[0,0],[0,0],[0,0],[0,0],[0,0],[0,0],[0,0]],"o":[[0,0],[0,0],[0,0],[0,0],[0,0],[0,0],[0,0],[0,0],[0,0]],"v":[[0.52,0.52],[0.66,0.29],[0.8,0.52],[1.02,0.66],[0.8,0.8],[0.66,1.02],[0.52,0.8],[0.29,0.66],[0.52,0.52]]}],"t":6.000000089406967},{"o":{"x":0,"y":0},"i":{"x":1,"y":1},"s":[{"c":true,"i":[[0,0],[0,0],[0,0],[0,0],[0,0],[0,0],[0,0],[0,0],[0,0]],"o":[[0,0],[0,0],[0,0],[0,0],[0,0],[0,0],[0,0],[0,0],[0,0]],"v":[[0.52,0.52],[0.66,0.29],[0.8,0.52],[1.02,0.66],[0.8,0.8],[0.66,1.02],[0.52,0.8],[0.29,0.66],[0.52,0.52]]}],"t":15.000000447034836},{"o":{"x":0,"y":0},"i":{"x":1,"y":1},"s":[{"c":true,"i":[[0,0],[0,0],[0,0],[0,0],[0,0],[0,0],[0,0],[0,0],[0,0]],"o":[[0,0],[0,0],[0,0],[0,0],[0,0],[0,0],[0,0],[0,0],[0,0]],"v":[[0.52,0.52],[0.66,0.29],[0.8,0.52],[1.02,0.66],[0.8,0.8],[0.66,1.02],[0.52,0.8],[0.29,0.66],[0.52,0.52]]}],"t":15.03000044845976},{"o":{"x":0,"y":0},"i":{"x":1,"y":1},"s":[{"c":true,"i":[[0,0],[0,0],[0,0],[0,0],[0,0],[0,0],[0,0],[0,0],[0,0]],"o":[[0,0],[0,0],[0,0],[0,0],[0,0],[0,0],[0,0],[0,0],[0,0]],"v":[[9.46,9.46],[12,5.37],[14.54,9.46],[18.63,12],[14.54,14.54],[12,18.63],[9.46,14.54],[5.37,12],[9.46,9.46]]}],"t":45.69281363510527},{"o":{"x":0,"y":0},"i":{"x":1,"y":1},"s":[{"c":true,"i":[[0,0],[0,0],[0,0],[0,0],[0,0],[0,0],[0,0],[0,0],[0,0]],"o":[[0,0],[0,0],[0,0],[0,0],[0,0],[0,0],[0,0],[0,0],[0,0]],"v":[[9.46,9.46],[12,5.37],[14.54,9.46],[18.63,12],[14.54,14.54],[12,18.63],[9.46,14.54],[5.37,12],[9.46,9.46]]}],"t":51.692813724512234},{"o":{"x":0,"y":0},"i":{"x":1,"y":1},"s":[{"c":true,"i":[[0,0],[0,0],[0,0],[0,0],[0,0],[0,0],[0,0],[0,0],[0,0]],"o":[[0,0],[0,0],[0,0],[0,0],[0,0],[0,0],[0,0],[0,0],[0,0]],"v":[[9.46,9.46],[12,5.37],[14.54,9.46],[18.63,12],[14.54,14.54],[12,18.63],[9.46,14.54],[5.37,12],[9.46,9.46]]}],"t":67.02422031783499},{"o":{"x":0,"y":0},"i":{"x":1,"y":1},"s":[{"c":true,"i":[[0,0],[0,0],[0,0],[0,0],[0,0],[0,0],[0,0],[0,0],[0,0]],"o":[[0,0],[0,0],[0,0],[0,0],[0,0],[0,0],[0,0],[0,0],[0,0]],"v":[[9.46,9.46],[12,5.37],[14.54,9.46],[18.63,12],[14.54,14.54],[12,18.63],[9.46,14.54],[5.37,12],[9.46,9.46]]}],"t":73.02422040724196},{"o":{"x":0,"y":0},"i":{"x":1,"y":1},"s":[{"c":true,"i":[[0,0],[0,0],[0,0],[0,0],[0,0],[0,0],[0,0],[0,0],[0,0]],"o":[[0,0],[0,0],[0,0],[0,0],[0,0],[0,0],[0,0],[0,0],[0,0]],"v":[[0.52,0.52],[0.66,0.29],[0.8,0.52],[1.02,0.66],[0.8,0.8],[0.66,1.02],[0.52,0.8],[0.29,0.66],[0.52,0.52]]}],"t":88.35562700056471},{"s":[{"c":true,"i":[[0,0],[0,0],[0,0],[0,0],[0,0],[0,0],[0,0],[0,0],[0,0]],"o":[[0,0],[0,0],[0,0],[0,0],[0,0],[0,0],[0,0],[0,0],[0,0]],"v":[[0.52,0.52],[0.66,0.29],[0.8,0.52],[1.02,0.66],[0.8,0.8],[0.66,1.02],[0.52,0.8],[0.29,0.66],[0.52,0.52]]}],"t":88.38562700198963}]}},{"ty":"gf","bm":0,"hd":false,"nm":"","e":{"a":1,"k":[{"o":{"x":0,"y":0},"i":{"x":1,"y":1},"s":[0.6567360162734985,1.3134700059890747],"t":0},{"o":{"x":0,"y":0},"i":{"x":1,"y":1},"s":[0.6567360162734985,1.3134700059890747],"t":6.000000089406967},{"o":{"x":0,"y":0},"i":{"x":1,"y":1},"s":[0.6567360162734985,1.3134700059890747],"t":15.000000447034836},{"o":{"x":0,"y":0},"i":{"x":1,"y":1},"s":[0.6567360162734985,1.3134700059890747],"t":15.03000044845976},{"o":{"x":0,"y":0},"i":{"x":1,"y":1},"s":[12,24],"t":45.69281363510527},{"o":{"x":0,"y":0},"i":{"x":1,"y":1},"s":[12,24],"t":51.692813724512234},{"o":{"x":0,"y":0},"i":{"x":1,"y":1},"s":[12,24],"t":67.02422031783499},{"o":{"x":0,"y":0},"i":{"x":1,"y":1},"s":[12,24],"t":73.02422040724196},{"o":{"x":0,"y":0},"i":{"x":1,"y":1},"s":[0.6567360162734985,1.3134700059890747],"t":88.35562700056471},{"s":[0.6567360162734985,1.3134700059890747],"t":88.38562700198963}]},"g":{"p":2,"k":{"a":1,"k":[{"o":{"x":0,"y":0},"i":{"x":1,"y":1},"s":[0.059841740876436234,1,0.9552860218309889,0.3958725291513929,0.7773159742355347,0.28337257683510875,1,0.5676701027178297],"t":0},{"o":{"x":0,"y":0},"i":{"x":1,"y":1},"s":[0.059841740876436234,1,0.9552860218309889,0.3958725291513929,0.7773159742355347,0.28337257683510875,1,0.5676701027178297],"t":6.000000089406967},{"o":{"x":0,"y":0},"i":{"x":1,"y":1},"s":[0.059841740876436234,1,0.9552860218309889,0.3958725291513929,0.7773159742355347,0.28337257683510875,1,0.5676701027178297],"t":15.000000447034836},{"o":{"x":0,"y":0},"i":{"x":1,"y":1},"s":[0.059841740876436234,1,0.9552860218309889,0.3958725291513929,0.7773159742355347,0.28337257683510875,1,0.5676701027178297],"t":15.03000044845976},{"o":{"x":0,"y":0},"i":{"x":1,"y":1},"s":[0.059841740876436234,1,0.9552860218309889,0.3958725291513929,0.7773159742355347,0.28337257683510875,1,0.5676701027178297],"t":45.69281363510527},{"o":{"x":0,"y":0},"i":{"x":1,"y":1},"s":[0.059841740876436234,1,0.9552860218309889,0.3958725291513929,0.7773159742355347,0.28337257683510875,1,0.5676701027178297],"t":51.692813724512234},{"o":{"x":0,"y":0},"i":{"x":1,"y":1},"s":[0.059841740876436234,1,0.9552860218309889,0.3958725291513929,0.7773159742355347,0.28337257683510875,1,0.5676701027178297],"t":67.02422031783499},{"o":{"x":0,"y":0},"i":{"x":1,"y":1},"s":[0.059841740876436234,1,0.9552860218309889,0.3958725291513929,0.7773159742355347,0.28337257683510875,1,0.5676701027178297],"t":73.02422040724196},{"o":{"x":0,"y":0},"i":{"x":1,"y":1},"s":[0.059841740876436234,1,0.9552860218309889,0.3958725291513929,0.7773159742355347,0.28337257683510875,1,0.5676701027178297],"t":88.35562700056471},{"s":[0.059841740876436234,1,0.9552860218309889,0.3958725291513929,0.7773159742355347,0.28337257683510875,1,0.5676701027178297],"t":88.38562700198963}]}},"t":1,"a":{"a":0,"k":0},"h":{"a":0,"k":0},"s":{"a":1,"k":[{"o":{"x":0,"y":0},"i":{"x":1,"y":1},"s":[0.6567360162734985,0],"t":0},{"o":{"x":0,"y":0},"i":{"x":1,"y":1},"s":[0.6567360162734985,0],"t":6.000000089406967},{"o":{"x":0,"y":0},"i":{"x":1,"y":1},"s":[0.6567360162734985,0],"t":15.000000447034836},{"o":{"x":0,"y":0},"i":{"x":1,"y":1},"s":[0.6567360162734985,0],"t":15.03000044845976},{"o":{"x":0,"y":0},"i":{"x":1,"y":1},"s":[12,0],"t":45.69281363510527},{"o":{"x":0,"y":0},"i":{"x":1,"y":1},"s":[12,0],"t":51.692813724512234},{"o":{"x":0,"y":0},"i":{"x":1,"y":1},"s":[12,0],"t":67.02422031783499},{"o":{"x":0,"y":0},"i":{"x":1,"y":1},"s":[12,0],"t":73.02422040724196},{"o":{"x":0,"y":0},"i":{"x":1,"y":1},"s":[0.6567360162734985,0],"t":88.35562700056471},{"s":[0.6567360162734985,0],"t":88.38562700198963}]},"r":2,"o":{"a":1,"k":[{"o":{"x":0,"y":0},"i":{"x":1,"y":1},"s":[100],"t":0},{"o":{"x":0,"y":0},"i":{"x":1,"y":1},"s":[100],"t":6.000000089406967},{"o":{"x":0,"y":0},"i":{"x":1,"y":1},"s":[100],"t":15.000000447034836},{"o":{"x":0,"y":0},"i":{"x":1,"y":1},"s":[100],"t":15.03000044845976},{"o":{"x":0,"y":0},"i":{"x":1,"y":1},"s":[100],"t":45.69281363510527},{"o":{"x":0,"y":0},"i":{"x":1,"y":1},"s":[100],"t":51.692813724512234},{"o":{"x":0,"y":0},"i":{"x":1,"y":1},"s":[100],"t":67.02422031783499},{"o":{"x":0,"y":0},"i":{"x":1,"y":1},"s":[100],"t":73.02422040724196},{"o":{"x":0,"y":0},"i":{"x":1,"y":1},"s":[100],"t":88.35562700056471},{"s":[100],"t":88.38562700198963}]}}],"ind":4,"parent":3},{"ty":4,"nm":"SCW Icon (Placeholder)","sr":1,"st":0,"op":89,"ip":0,"hd":false,"ddd":0,"bm":0,"hasMask":false,"ao":0,"ks":{"a":{"a":1,"k":[{"o":{"x":0,"y":0},"i":{"x":1,"y":1},"s":[0.5,0.5],"t":0},{"o":{"x":0,"y":0},"i":{"x":1,"y":1},"s":[0.5,0.5],"t":6.000000089406967},{"o":{"x":0,"y":0},"i":{"x":1,"y":1},"s":[0.5,0.5],"t":15},{"o":{"x":0,"y":0},"i":{"x":1,"y":1},"s":[20,20],"t":46},{"o":{"x":0,"y":0},"i":{"x":1,"y":1},"s":[20,20],"t":52},{"o":{"x":0,"y":0},"i":{"x":1,"y":1},"s":[20,20],"t":67},{"o":{"x":0,"y":0},"i":{"x":1,"y":1},"s":[20,20],"t":73},{"s":[0.5,0.5],"t":88}]},"s":{"a":0,"k":[100,100]},"sk":{"a":0,"k":0},"p":{"a":1,"k":[{"o":{"x":0,"y":0},"i":{"x":1,"y":1},"s":[38.5,38.5],"t":0},{"o":{"x":0,"y":0},"i":{"x":1,"y":1},"s":[38.5,38.5],"t":6.000000089406967},{"o":{"x":0,"y":0},"i":{"x":1,"y":1},"s":[38.5,38.5],"t":15},{"o":{"x":0,"y":0},"i":{"x":1,"y":1},"s":[24,38.39],"t":46},{"o":{"x":0,"y":0},"i":{"x":1,"y":1},"s":[24,38.39],"t":52},{"o":{"x":0,"y":0},"i":{"x":1,"y":1},"s":[24,38.39],"t":67},{"o":{"x":0,"y":0},"i":{"x":1,"y":1},"s":[24,38.39],"t":73},{"s":[38.5,38.5],"t":88}]},"r":{"a":1,"k":[{"o":{"x":0,"y":0},"i":{"x":1,"y":1},"s":[0],"t":0},{"o":{"x":0,"y":0},"i":{"x":1,"y":1},"s":[0],"t":6.000000089406967},{"o":{"x":0,"y":0},"i":{"x":1,"y":1},"s":[0],"t":15},{"o":{"x":0,"y":0},"i":{"x":1,"y":1},"s":[0],"t":46},{"o":{"x":0,"y":0},"i":{"x":1,"y":1},"s":[0],"t":52},{"o":{"x":0,"y":0},"i":{"x":1,"y":1},"s":[45],"t":67},{"o":{"x":0,"y":0},"i":{"x":1,"y":1},"s":[45],"t":73},{"s":[0],"t":88}]},"sa":{"a":0,"k":0},"o":{"a":1,"k":[{"o":{"x":0,"y":0},"i":{"x":1,"y":1},"s":[100],"t":0},{"o":{"x":0,"y":0},"i":{"x":1,"y":1},"s":[100],"t":6.000000089406967},{"o":{"x":0,"y":0},"i":{"x":1,"y":1},"s":[100],"t":15},{"o":{"x":0,"y":0},"i":{"x":1,"y":1},"s":[100],"t":46},{"o":{"x":0,"y":0},"i":{"x":1,"y":1},"s":[100],"t":52},{"o":{"x":0,"y":0},"i":{"x":1,"y":1},"s":[100],"t":67},{"o":{"x":0,"y":0},"i":{"x":1,"y":1},"s":[100],"t":73},{"s":[100],"t":88}]}},"shapes":[],"ind":5},{"ty":4,"nm":"Subtract","sr":1,"st":0,"op":89.39,"ip":0,"hd":false,"ddd":0,"bm":0,"hasMask":false,"ao":0,"ks":{"a":{"a":1,"k":[{"o":{"x":0,"y":0},"i":{"x":1,"y":1},"s":[0.5,0.5],"t":0},{"o":{"x":0,"y":0},"i":{"x":1,"y":1},"s":[0.5,0.5],"t":6.000000089406967},{"o":{"x":0,"y":0},"i":{"x":1,"y":1},"s":[0.5,0.5],"t":15.000000447034836},{"o":{"x":0,"y":0},"i":{"x":1,"y":1},"s":[0.5,0.5],"t":15.03000044845976},{"o":{"x":0,"y":0},"i":{"x":1,"y":1},"s":[20,20],"t":45.69281363510527},{"o":{"x":0,"y":0},"i":{"x":1,"y":1},"s":[20,20],"t":51.692813724512234},{"o":{"x":0,"y":0},"i":{"x":1,"y":1},"s":[20,20],"t":67.02422031783499},{"o":{"x":0,"y":0},"i":{"x":1,"y":1},"s":[20,20],"t":73.02422040724196},{"o":{"x":0,"y":0},"i":{"x":1,"y":1},"s":[0.5,0.5],"t":88.35562700056471},{"s":[0.5,0.5],"t":88.38562700198963}]},"s":{"a":1,"k":[{"o":{"x":0,"y":0},"i":{"x":1,"y":1},"s":[100,100],"t":0},{"o":{"x":0,"y":0},"i":{"x":1,"y":1},"s":[100,100],"t":6.000000089406967},{"o":{"x":0,"y":0},"i":{"x":1,"y":1},"s":[100,100],"t":15.000000447034836},{"o":{"x":0,"y":0},"i":{"x":1,"y":1},"s":[100,100],"t":15.03000044845976},{"o":{"x":0,"y":0},"i":{"x":1,"y":1},"s":[100,100],"t":45.69281363510527},{"o":{"x":0,"y":0},"i":{"x":1,"y":1},"s":[100,100],"t":51.692813724512234},{"o":{"x":0,"y":0},"i":{"x":1,"y":1},"s":[100,100],"t":67.02422031783499},{"o":{"x":0,"y":0},"i":{"x":1,"y":1},"s":[100,100],"t":73.02422040724196},{"o":{"x":0,"y":0},"i":{"x":1,"y":1},"s":[100,100],"t":88.35562700056471},{"s":[100,100],"t":88.38562700198963}]},"sk":{"a":0,"k":0},"p":{"a":1,"k":[{"o":{"x":0,"y":0},"i":{"x":1,"y":1},"s":[0.5,0.5],"t":0},{"o":{"x":0,"y":0},"i":{"x":1,"y":1},"s":[0.5,0.5],"t":6.000000089406967},{"o":{"x":0,"y":0},"i":{"x":1,"y":1},"s":[0.5,0.5],"t":15.000000447034836},{"o":{"x":0,"y":0},"i":{"x":1,"y":1},"s":[0.5,0.5],"t":15.03000044845976},{"o":{"x":0,"y":0},"i":{"x":1,"y":1},"s":[20,20],"t":45.69281363510527},{"o":{"x":0,"y":0},"i":{"x":1,"y":1},"s":[20,20],"t":51.692813724512234},{"o":{"x":0,"y":0},"i":{"x":1,"y":1},"s":[20,20],"t":67.02422031783499},{"o":{"x":0,"y":0},"i":{"x":1,"y":1},"s":[20,20],"t":73.02422040724196},{"o":{"x":0,"y":0},"i":{"x":1,"y":1},"s":[0.5,0.5],"t":88.35562700056471},{"s":[0.5,0.5],"t":88.38562700198963}]},"r":{"a":1,"k":[{"o":{"x":0,"y":0},"i":{"x":1,"y":1},"s":[0],"t":0},{"o":{"x":0,"y":0},"i":{"x":1,"y":1},"s":[0],"t":6.000000089406967},{"o":{"x":0,"y":0},"i":{"x":1,"y":1},"s":[0],"t":15.000000447034836},{"o":{"x":0,"y":0},"i":{"x":1,"y":1},"s":[0],"t":15.03000044845976},{"o":{"x":0,"y":0},"i":{"x":1,"y":1},"s":[0],"t":45.69281363510527},{"o":{"x":0,"y":0},"i":{"x":1,"y":1},"s":[0],"t":51.692813724512234},{"o":{"x":0,"y":0},"i":{"x":1,"y":1},"s":[0],"t":67.02422031783499},{"o":{"x":0,"y":0},"i":{"x":1,"y":1},"s":[0],"t":73.02422040724196},{"o":{"x":0,"y":0},"i":{"x":1,"y":1},"s":[0],"t":88.35562700056471},{"s":[0],"t":88.38562700198963}]},"sa":{"a":0,"k":0},"o":{"a":1,"k":[{"o":{"x":0,"y":0},"i":{"x":1,"y":1},"s":[0],"t":0},{"o":{"x":0,"y":0},"i":{"x":1,"y":1},"s":[0],"t":6.000000089406967},{"o":{"x":0,"y":0},"i":{"x":1,"y":1},"s":[100],"t":15.000000447034836},{"o":{"x":0,"y":0},"i":{"x":1,"y":1},"s":[100],"t":15.03000044845976},{"o":{"x":0,"y":0},"i":{"x":1,"y":1},"s":[100],"t":45.69281363510527},{"o":{"x":0,"y":0},"i":{"x":1,"y":1},"s":[100],"t":51.692813724512234},{"o":{"x":0,"y":0},"i":{"x":1,"y":1},"s":[100],"t":67.02422031783499},{"o":{"x":0,"y":0},"i":{"x":1,"y":1},"s":[100],"t":73.02422040724196},{"o":{"x":0,"y":0},"i":{"x":1,"y":1},"s":[100],"t":88.35562700056471},{"s":[100],"t":88.38562700198963}]}},"shapes":[{"ty":"sh","bm":0,"hd":false,"nm":"","d":1,"ks":{"a":1,"k":[{"o":{"x":0,"y":0},"i":{"x":1,"y":1},"s":[{"c":true,"i":[[0,0],[0,0],[0,0],[0,0],[0,0],[0,0],[0,0],[0,0],[0,0],[0,0],[0,0],[0,0],[0,0],[0,0],[0,0],[0,0],[0,0],[0,0],[0,0],[0,0],[0,0],[0,0],[0,0],[0,0],[0,0]],"o":[[0,0],[0,0],[0,0],[0,0],[0,0],[0,0],[0,0],[0,0],[0,0],[0,0],[0,0],[0,0],[0,0],[0,0],[0,0],[0,0],[0,0],[0,0],[0,0],[0,0],[0,0],[0,0],[0,0],[0,0],[0,0]],"v":[[0.71,0.87],[0.63,1],[0.5,0.92],[0.37,1],[0.29,0.87],[0.13,0.87],[0.13,0.71],[0,0.63],[0.08,0.5],[0,0.37],[0.13,0.29],[0.13,0.13],[0.29,0.13],[0.37,0],[0.5,0.08],[0.63,0],[0.71,0.13],[0.87,0.13],[0.87,0.29],[1,0.37],[0.92,0.5],[1,0.63],[0.87,0.71],[0.87,0.87],[0.71,0.87]]}],"t":0},{"o":{"x":0,"y":0},"i":{"x":1,"y":1},"s":[{"c":true,"i":[[0,0],[0,0],[0,0],[0,0],[0,0],[0,0],[0,0],[0,0],[0,0],[0,0],[0,0],[0,0],[0,0],[0,0],[0,0],[0,0],[0,0],[0,0],[0,0],[0,0],[0,0],[0,0],[0,0],[0,0],[0,0]],"o":[[0,0],[0,0],[0,0],[0,0],[0,0],[0,0],[0,0],[0,0],[0,0],[0,0],[0,0],[0,0],[0,0],[0,0],[0,0],[0,0],[0,0],[0,0],[0,0],[0,0],[0,0],[0,0],[0,0],[0,0],[0,0]],"v":[[0.71,0.87],[0.63,1],[0.5,0.92],[0.37,1],[0.29,0.87],[0.13,0.87],[0.13,0.71],[0,0.63],[0.08,0.5],[0,0.37],[0.13,0.29],[0.13,0.13],[0.29,0.13],[0.37,0],[0.5,0.08],[0.63,0],[0.71,0.13],[0.87,0.13],[0.87,0.29],[1,0.37],[0.92,0.5],[1,0.63],[0.87,0.71],[0.87,0.87],[0.71,0.87]]}],"t":6.000000089406967},{"o":{"x":0,"y":0},"i":{"x":1,"y":1},"s":[{"c":true,"i":[[0,0],[0,0],[0,0],[0,0],[0,0],[0,0],[0,0],[0,0],[0,0],[0,0],[0,0],[0,0],[0,0],[0,0],[0,0],[0,0],[0,0],[0,0],[0,0],[0,0],[0,0],[0,0],[0,0],[0,0],[0,0]],"o":[[0,0],[0,0],[0,0],[0,0],[0,0],[0,0],[0,0],[0,0],[0,0],[0,0],[0,0],[0,0],[0,0],[0,0],[0,0],[0,0],[0,0],[0,0],[0,0],[0,0],[0,0],[0,0],[0,0],[0,0],[0,0]],"v":[[0.71,0.87],[0.63,1],[0.5,0.92],[0.37,1],[0.29,0.87],[0.13,0.87],[0.13,0.71],[0,0.63],[0.08,0.5],[0,0.37],[0.13,0.29],[0.13,0.13],[0.29,0.13],[0.37,0],[0.5,0.08],[0.63,0],[0.71,0.13],[0.87,0.13],[0.87,0.29],[1,0.37],[0.92,0.5],[1,0.63],[0.87,0.71],[0.87,0.87],[0.71,0.87]]}],"t":15.000000447034836},{"o":{"x":0,"y":0},"i":{"x":1,"y":1},"s":[{"c":true,"i":[[0,0],[0,0],[0,0],[0,0],[0,0],[0,0],[0,0],[0,0],[0,0],[0,0],[0,0],[0,0],[0,0],[0,0],[0,0],[0,0],[0,0],[0,0],[0,0],[0,0],[0,0],[0,0],[0,0],[0,0],[0,0]],"o":[[0,0],[0,0],[0,0],[0,0],[0,0],[0,0],[0,0],[0,0],[0,0],[0,0],[0,0],[0,0],[0,0],[0,0],[0,0],[0,0],[0,0],[0,0],[0,0],[0,0],[0,0],[0,0],[0,0],[0,0],[0,0]],"v":[[0.71,0.87],[0.63,1],[0.5,0.92],[0.37,1],[0.29,0.87],[0.13,0.87],[0.13,0.71],[0,0.63],[0.08,0.5],[0,0.37],[0.13,0.29],[0.13,0.13],[0.29,0.13],[0.37,0],[0.5,0.08],[0.63,0],[0.71,0.13],[0.87,0.13],[0.87,0.29],[1,0.37],[0.92,0.5],[1,0.63],[0.87,0.71],[0.87,0.87],[0.71,0.87]]}],"t":15.03000044845976},{"o":{"x":0,"y":0},"i":{"x":1,"y":1},"s":[{"c":true,"i":[[0,0],[0,0],[0,0],[0,0],[0,0],[0,0],[0,0],[0,0],[0,0],[0,0],[0,0],[0,0],[0,0],[0,0],[0,0],[0,0],[0,0],[0,0],[0,0],[0,0],[0,0],[0,0],[0,0],[0,0],[0,0]],"o":[[0,0],[0,0],[0,0],[0,0],[0,0],[0,0],[0,0],[0,0],[0,0],[0,0],[0,0],[0,0],[0,0],[0,0],[0,0],[0,0],[0,0],[0,0],[0,0],[0,0],[0,0],[0,0],[0,0],[0,0],[0,0]],"v":[[28.45,34.64],[25.36,40],[20,36.91],[14.64,40],[11.55,34.64],[5.36,34.64],[5.36,28.45],[0,25.36],[3.09,20],[0,14.64],[5.36,11.55],[5.36,5.36],[11.55,5.36],[14.64,0],[20,3.09],[25.36,0],[28.45,5.36],[34.64,5.36],[34.64,11.55],[40,14.64],[36.91,20],[40,25.36],[34.64,28.45],[34.64,34.64],[28.45,34.64]]}],"t":45.69281363510527},{"o":{"x":0,"y":0},"i":{"x":1,"y":1},"s":[{"c":true,"i":[[0,0],[0,0],[0,0],[0,0],[0,0],[0,0],[0,0],[0,0],[0,0],[0,0],[0,0],[0,0],[0,0],[0,0],[0,0],[0,0],[0,0],[0,0],[0,0],[0,0],[0,0],[0,0],[0,0],[0,0],[0,0]],"o":[[0,0],[0,0],[0,0],[0,0],[0,0],[0,0],[0,0],[0,0],[0,0],[0,0],[0,0],[0,0],[0,0],[0,0],[0,0],[0,0],[0,0],[0,0],[0,0],[0,0],[0,0],[0,0],[0,0],[0,0],[0,0]],"v":[[28.45,34.64],[25.36,40],[20,36.91],[14.64,40],[11.55,34.64],[5.36,34.64],[5.36,28.45],[0,25.36],[3.09,20],[0,14.64],[5.36,11.55],[5.36,5.36],[11.55,5.36],[14.64,0],[20,3.09],[25.36,0],[28.45,5.36],[34.64,5.36],[34.64,11.55],[40,14.64],[36.91,20],[40,25.36],[34.64,28.45],[34.64,34.64],[28.45,34.64]]}],"t":51.692813724512234},{"o":{"x":0,"y":0},"i":{"x":1,"y":1},"s":[{"c":true,"i":[[0,0],[0,0],[0,0],[0,0],[0,0],[0,0],[0,0],[0,0],[0,0],[0,0],[0,0],[0,0],[0,0],[0,0],[0,0],[0,0],[0,0],[0,0],[0,0],[0,0],[0,0],[0,0],[0,0],[0,0],[0,0]],"o":[[0,0],[0,0],[0,0],[0,0],[0,0],[0,0],[0,0],[0,0],[0,0],[0,0],[0,0],[0,0],[0,0],[0,0],[0,0],[0,0],[0,0],[0,0],[0,0],[0,0],[0,0],[0,0],[0,0],[0,0],[0,0]],"v":[[28.45,34.64],[25.36,40],[20,36.91],[14.64,40],[11.55,34.64],[5.36,34.64],[5.36,28.45],[0,25.36],[3.09,20],[0,14.64],[5.36,11.55],[5.36,5.36],[11.55,5.36],[14.64,0],[20,3.09],[25.36,0],[28.45,5.36],[34.64,5.36],[34.64,11.55],[40,14.64],[36.91,20],[40,25.36],[34.64,28.45],[34.64,34.64],[28.45,34.64]]}],"t":67.02422031783499},{"o":{"x":0,"y":0},"i":{"x":1,"y":1},"s":[{"c":true,"i":[[0,0],[0,0],[0,0],[0,0],[0,0],[0,0],[0,0],[0,0],[0,0],[0,0],[0,0],[0,0],[0,0],[0,0],[0,0],[0,0],[0,0],[0,0],[0,0],[0,0],[0,0],[0,0],[0,0],[0,0],[0,0]],"o":[[0,0],[0,0],[0,0],[0,0],[0,0],[0,0],[0,0],[0,0],[0,0],[0,0],[0,0],[0,0],[0,0],[0,0],[0,0],[0,0],[0,0],[0,0],[0,0],[0,0],[0,0],[0,0],[0,0],[0,0],[0,0]],"v":[[28.45,34.64],[25.36,40],[20,36.91],[14.64,40],[11.55,34.64],[5.36,34.64],[5.36,28.45],[0,25.36],[3.09,20],[0,14.64],[5.36,11.55],[5.36,5.36],[11.55,5.36],[14.64,0],[20,3.09],[25.36,0],[28.45,5.36],[34.64,5.36],[34.64,11.55],[40,14.64],[36.91,20],[40,25.36],[34.64,28.45],[34.64,34.64],[28.45,34.64]]}],"t":73.02422040724196},{"o":{"x":0,"y":0},"i":{"x":1,"y":1},"s":[{"c":true,"i":[[0,0],[0,0],[0,0],[0,0],[0,0],[0,0],[0,0],[0,0],[0,0],[0,0],[0,0],[0,0],[0,0],[0,0],[0,0],[0,0],[0,0],[0,0],[0,0],[0,0],[0,0],[0,0],[0,0],[0,0],[0,0]],"o":[[0,0],[0,0],[0,0],[0,0],[0,0],[0,0],[0,0],[0,0],[0,0],[0,0],[0,0],[0,0],[0,0],[0,0],[0,0],[0,0],[0,0],[0,0],[0,0],[0,0],[0,0],[0,0],[0,0],[0,0],[0,0]],"v":[[0.71,0.87],[0.63,1],[0.5,0.92],[0.37,1],[0.29,0.87],[0.13,0.87],[0.13,0.71],[0,0.63],[0.08,0.5],[0,0.37],[0.13,0.29],[0.13,0.13],[0.29,0.13],[0.37,0],[0.5,0.08],[0.63,0],[0.71,0.13],[0.87,0.13],[0.87,0.29],[1,0.37],[0.92,0.5],[1,0.63],[0.87,0.71],[0.87,0.87],[0.71,0.87]]}],"t":88.35562700056471},{"s":[{"c":true,"i":[[0,0],[0,0],[0,0],[0,0],[0,0],[0,0],[0,0],[0,0],[0,0],[0,0],[0,0],[0,0],[0,0],[0,0],[0,0],[0,0],[0,0],[0,0],[0,0],[0,0],[0,0],[0,0],[0,0],[0,0],[0,0]],"o":[[0,0],[0,0],[0,0],[0,0],[0,0],[0,0],[0,0],[0,0],[0,0],[0,0],[0,0],[0,0],[0,0],[0,0],[0,0],[0,0],[0,0],[0,0],[0,0],[0,0],[0,0],[0,0],[0,0],[0,0],[0,0]],"v":[[0.71,0.87],[0.63,1],[0.5,0.92],[0.37,1],[0.29,0.87],[0.13,0.87],[0.13,0.71],[0,0.63],[0.08,0.5],[0,0.37],[0.13,0.29],[0.13,0.13],[0.29,0.13],[0.37,0],[0.5,0.08],[0.63,0],[0.71,0.13],[0.87,0.13],[0.87,0.29],[1,0.37],[0.92,0.5],[1,0.63],[0.87,0.71],[0.87,0.87],[0.71,0.87]]}],"t":88.38562700198963}]}},{"ty":"sh","bm":0,"hd":false,"nm":"","d":1,"ks":{"a":1,"k":[{"o":{"x":0,"y":0},"i":{"x":1,"y":1},"s":[{"c":true,"i":[[0,0],[0,0],[0,0],[0,0],[0,0],[0,0],[0,0],[0,0],[0,0]],"o":[[0,0],[0,0],[0,0],[0,0],[0,0],[0,0],[0,0],[0,0],[0,0]],"v":[[0.39,0.39],[0.5,0.22],[0.61,0.39],[0.78,0.5],[0.61,0.61],[0.5,0.78],[0.39,0.61],[0.22,0.5],[0.39,0.39]]}],"t":0},{"o":{"x":0,"y":0},"i":{"x":1,"y":1},"s":[{"c":true,"i":[[0,0],[0,0],[0,0],[0,0],[0,0],[0,0],[0,0],[0,0],[0,0]],"o":[[0,0],[0,0],[0,0],[0,0],[0,0],[0,0],[0,0],[0,0],[0,0]],"v":[[0.39,0.39],[0.5,0.22],[0.61,0.39],[0.78,0.5],[0.61,0.61],[0.5,0.78],[0.39,0.61],[0.22,0.5],[0.39,0.39]]}],"t":6.000000089406967},{"o":{"x":0,"y":0},"i":{"x":1,"y":1},"s":[{"c":true,"i":[[0,0],[0,0],[0,0],[0,0],[0,0],[0,0],[0,0],[0,0],[0,0]],"o":[[0,0],[0,0],[0,0],[0,0],[0,0],[0,0],[0,0],[0,0],[0,0]],"v":[[0.39,0.39],[0.5,0.22],[0.61,0.39],[0.78,0.5],[0.61,0.61],[0.5,0.78],[0.39,0.61],[0.22,0.5],[0.39,0.39]]}],"t":15.000000447034836},{"o":{"x":0,"y":0},"i":{"x":1,"y":1},"s":[{"c":true,"i":[[0,0],[0,0],[0,0],[0,0],[0,0],[0,0],[0,0],[0,0],[0,0]],"o":[[0,0],[0,0],[0,0],[0,0],[0,0],[0,0],[0,0],[0,0],[0,0]],"v":[[0.39,0.39],[0.5,0.22],[0.61,0.39],[0.78,0.5],[0.61,0.61],[0.5,0.78],[0.39,0.61],[0.22,0.5],[0.39,0.39]]}],"t":15.03000044845976},{"o":{"x":0,"y":0},"i":{"x":1,"y":1},"s":[{"c":true,"i":[[0,0],[0,0],[0,0],[0,0],[0,0],[0,0],[0,0],[0,0],[0,0]],"o":[[0,0],[0,0],[0,0],[0,0],[0,0],[0,0],[0,0],[0,0],[0,0]],"v":[[15.77,15.77],[20,8.96],[24.23,15.77],[31.04,20],[24.23,24.23],[20,31.04],[15.77,24.23],[8.96,20],[15.77,15.77]]}],"t":45.69281363510527},{"o":{"x":0,"y":0},"i":{"x":1,"y":1},"s":[{"c":true,"i":[[0,0],[0,0],[0,0],[0,0],[0,0],[0,0],[0,0],[0,0],[0,0]],"o":[[0,0],[0,0],[0,0],[0,0],[0,0],[0,0],[0,0],[0,0],[0,0]],"v":[[15.77,15.77],[20,8.96],[24.23,15.77],[31.04,20],[24.23,24.23],[20,31.04],[15.77,24.23],[8.96,20],[15.77,15.77]]}],"t":51.692813724512234},{"o":{"x":0,"y":0},"i":{"x":1,"y":1},"s":[{"c":true,"i":[[0,0],[0,0],[0,0],[0,0],[0,0],[0,0],[0,0],[0,0],[0,0]],"o":[[0,0],[0,0],[0,0],[0,0],[0,0],[0,0],[0,0],[0,0],[0,0]],"v":[[15.77,15.77],[20,8.96],[24.23,15.77],[31.04,20],[24.23,24.23],[20,31.04],[15.77,24.23],[8.96,20],[15.77,15.77]]}],"t":67.02422031783499},{"o":{"x":0,"y":0},"i":{"x":1,"y":1},"s":[{"c":true,"i":[[0,0],[0,0],[0,0],[0,0],[0,0],[0,0],[0,0],[0,0],[0,0]],"o":[[0,0],[0,0],[0,0],[0,0],[0,0],[0,0],[0,0],[0,0],[0,0]],"v":[[15.77,15.77],[20,8.96],[24.23,15.77],[31.04,20],[24.23,24.23],[20,31.04],[15.77,24.23],[8.96,20],[15.77,15.77]]}],"t":73.02422040724196},{"o":{"x":0,"y":0},"i":{"x":1,"y":1},"s":[{"c":true,"i":[[0,0],[0,0],[0,0],[0,0],[0,0],[0,0],[0,0],[0,0],[0,0]],"o":[[0,0],[0,0],[0,0],[0,0],[0,0],[0,0],[0,0],[0,0],[0,0]],"v":[[0.39,0.39],[0.5,0.22],[0.61,0.39],[0.78,0.5],[0.61,0.61],[0.5,0.78],[0.39,0.61],[0.22,0.5],[0.39,0.39]]}],"t":88.35562700056471},{"s":[{"c":true,"i":[[0,0],[0,0],[0,0],[0,0],[0,0],[0,0],[0,0],[0,0],[0,0]],"o":[[0,0],[0,0],[0,0],[0,0],[0,0],[0,0],[0,0],[0,0],[0,0]],"v":[[0.39,0.39],[0.5,0.22],[0.61,0.39],[0.78,0.5],[0.61,0.61],[0.5,0.78],[0.39,0.61],[0.22,0.5],[0.39,0.39]]}],"t":88.38562700198963}]}},{"ty":"gf","bm":0,"hd":false,"nm":"","e":{"a":1,"k":[{"o":{"x":0,"y":0},"i":{"x":1,"y":1},"s":[0.5,0.9999989867210388],"t":0},{"o":{"x":0,"y":0},"i":{"x":1,"y":1},"s":[0.5,0.9999989867210388],"t":6.000000089406967},{"o":{"x":0,"y":0},"i":{"x":1,"y":1},"s":[0.5,0.9999989867210388],"t":15.000000447034836},{"o":{"x":0,"y":0},"i":{"x":1,"y":1},"s":[0.5,0.9999989867210388],"t":15.03000044845976},{"o":{"x":0,"y":0},"i":{"x":1,"y":1},"s":[20,40],"t":45.69281363510527},{"o":{"x":0,"y":0},"i":{"x":1,"y":1},"s":[20,40],"t":51.692813724512234},{"o":{"x":0,"y":0},"i":{"x":1,"y":1},"s":[20,40],"t":67.02422031783499},{"o":{"x":0,"y":0},"i":{"x":1,"y":1},"s":[20,40],"t":73.02422040724196},{"o":{"x":0,"y":0},"i":{"x":1,"y":1},"s":[0.5,0.9999989867210388],"t":88.35562700056471},{"s":[0.5,0.9999989867210388],"t":88.38562700198963}]},"g":{"p":2,"k":{"a":1,"k":[{"o":{"x":0,"y":0},"i":{"x":1,"y":1},"s":[0.09375,0.18043137669797035,0.8000392276072035,1,1,0.019647059517456034,0.000039215686274509805,1],"t":0},{"o":{"x":0,"y":0},"i":{"x":1,"y":1},"s":[0.09375,0.18043137669797035,0.8000392276072035,1,1,0.019647059517456034,0.000039215686274509805,1],"t":6.000000089406967},{"o":{"x":0,"y":0},"i":{"x":1,"y":1},"s":[0.09375,0.18043137669797035,0.8000392276072035,1,1,0.019647059517456034,0.000039215686274509805,1],"t":15.000000447034836},{"o":{"x":0,"y":0},"i":{"x":1,"y":1},"s":[0.09375,0.18043137669797035,0.8000392276072035,1,1,0.019647059517456034,0.000039215686274509805,1],"t":15.03000044845976},{"o":{"x":0,"y":0},"i":{"x":1,"y":1},"s":[0.09375,0.18043137669797035,0.8000392276072035,1,1,0.019647059517456034,0.000039215686274509805,1],"t":45.69281363510527},{"o":{"x":0,"y":0},"i":{"x":1,"y":1},"s":[0.09375,0.18043137669797035,0.8000392276072035,1,1,0.019647059517456034,0.000039215686274509805,1],"t":51.692813724512234},{"o":{"x":0,"y":0},"i":{"x":1,"y":1},"s":[0.09375,0.18043137669797035,0.8000392276072035,1,1,0.019647059517456034,0.000039215686274509805,1],"t":67.02422031783499},{"o":{"x":0,"y":0},"i":{"x":1,"y":1},"s":[0.09375,0.18043137669797035,0.8000392276072035,1,1,0.019647059517456034,0.000039215686274509805,1],"t":73.02422040724196},{"o":{"x":0,"y":0},"i":{"x":1,"y":1},"s":[0.09375,0.18043137669797035,0.8000392276072035,1,1,0.019647059517456034,0.000039215686274509805,1],"t":88.35562700056471},{"s":[0.09375,0.18043137669797035,0.8000392276072035,1,1,0.019647059517456034,0.000039215686274509805,1],"t":88.38562700198963}]}},"t":1,"a":{"a":0,"k":0},"h":{"a":0,"k":0},"s":{"a":1,"k":[{"o":{"x":0,"y":0},"i":{"x":1,"y":1},"s":[0.5,0],"t":0},{"o":{"x":0,"y":0},"i":{"x":1,"y":1},"s":[0.5,0],"t":6.000000089406967},{"o":{"x":0,"y":0},"i":{"x":1,"y":1},"s":[0.5,0],"t":15.000000447034836},{"o":{"x":0,"y":0},"i":{"x":1,"y":1},"s":[0.5,0],"t":15.03000044845976},{"o":{"x":0,"y":0},"i":{"x":1,"y":1},"s":[20,0],"t":45.69281363510527},{"o":{"x":0,"y":0},"i":{"x":1,"y":1},"s":[20,0],"t":51.692813724512234},{"o":{"x":0,"y":0},"i":{"x":1,"y":1},"s":[20,0],"t":67.02422031783499},{"o":{"x":0,"y":0},"i":{"x":1,"y":1},"s":[20,0],"t":73.02422040724196},{"o":{"x":0,"y":0},"i":{"x":1,"y":1},"s":[0.5,0],"t":88.35562700056471},{"s":[0.5,0],"t":88.38562700198963}]},"r":2,"o":{"a":1,"k":[{"o":{"x":0,"y":0},"i":{"x":1,"y":1},"s":[100],"t":0},{"o":{"x":0,"y":0},"i":{"x":1,"y":1},"s":[100],"t":6.000000089406967},{"o":{"x":0,"y":0},"i":{"x":1,"y":1},"s":[100],"t":15.000000447034836},{"o":{"x":0,"y":0},"i":{"x":1,"y":1},"s":[100],"t":15.03000044845976},{"o":{"x":0,"y":0},"i":{"x":1,"y":1},"s":[100],"t":45.69281363510527},{"o":{"x":0,"y":0},"i":{"x":1,"y":1},"s":[100],"t":51.692813724512234},{"o":{"x":0,"y":0},"i":{"x":1,"y":1},"s":[100],"t":67.02422031783499},{"o":{"x":0,"y":0},"i":{"x":1,"y":1},"s":[100],"t":73.02422040724196},{"o":{"x":0,"y":0},"i":{"x":1,"y":1},"s":[100],"t":88.35562700056471},{"s":[100],"t":88.38562700198963}]}}],"ind":6,"parent":5}],"v":"5.7.0","fr":30,"op":88.39,"ip":0,"assets":[]}