{"nm":"Progress Bar Dark","ddd":0,"h":10,"w":300,"meta":{"g":"LottieFiles Figma v44"},"layers":[{"ty":4,"nm":"Rectangle","sr":1,"st":0,"op":175,"ip":0,"hd":false,"ddd":0,"bm":0,"hasMask":false,"ao":0,"ks":{"a":{"a":1,"k":[{"o":{"x":0,"y":0},"i":{"x":1,"y":1},"s":[5,5],"t":0},{"o":{"x":0,"y":0},"i":{"x":1,"y":1},"s":[50,5],"t":38},{"o":{"x":0,"y":0},"i":{"x":1,"y":1},"s":[50,5],"t":41},{"o":{"x":0,"y":0},"i":{"x":1,"y":1},"s":[100,5],"t":87},{"o":{"x":0,"y":0},"i":{"x":1,"y":1},"s":[100,5],"t":89},{"o":{"x":0,"y":0},"i":{"x":1,"y":1},"s":[150,5],"t":135},{"s":[150,5],"t":174}]},"s":{"a":1,"k":[{"o":{"x":0,"y":0},"i":{"x":1,"y":1},"s":[100,100],"t":0},{"o":{"x":0,"y":0},"i":{"x":1,"y":1},"s":[100,100],"t":38},{"o":{"x":0,"y":0},"i":{"x":1,"y":1},"s":[100,100],"t":41},{"o":{"x":0,"y":0},"i":{"x":1,"y":1},"s":[100,100],"t":87},{"o":{"x":0,"y":0},"i":{"x":1,"y":1},"s":[100,100],"t":89},{"o":{"x":0,"y":0},"i":{"x":1,"y":1},"s":[100,100],"t":135},{"s":[100,100],"t":174}]},"sk":{"a":0,"k":0},"p":{"a":1,"k":[{"o":{"x":0,"y":0},"i":{"x":1,"y":1},"s":[5,5],"t":0},{"o":{"x":0,"y":0},"i":{"x":1,"y":1},"s":[50,5],"t":38},{"o":{"x":0,"y":0},"i":{"x":1,"y":1},"s":[50,5],"t":41},{"o":{"x":0,"y":0},"i":{"x":1,"y":1},"s":[100,5],"t":87},{"o":{"x":0,"y":0},"i":{"x":1,"y":1},"s":[100,5],"t":89},{"o":{"x":0,"y":0},"i":{"x":1,"y":1},"s":[150,5],"t":135},{"s":[150,5],"t":174}]},"r":{"a":1,"k":[{"o":{"x":0,"y":0},"i":{"x":1,"y":1},"s":[0],"t":0},{"o":{"x":0,"y":0},"i":{"x":1,"y":1},"s":[0],"t":38},{"o":{"x":0,"y":0},"i":{"x":1,"y":1},"s":[0],"t":41},{"o":{"x":0,"y":0},"i":{"x":1,"y":1},"s":[0],"t":87},{"o":{"x":0,"y":0},"i":{"x":1,"y":1},"s":[0],"t":89},{"o":{"x":0,"y":0},"i":{"x":1,"y":1},"s":[0],"t":135},{"s":[0],"t":174}]},"sa":{"a":0,"k":0},"o":{"a":1,"k":[{"o":{"x":0,"y":0},"i":{"x":1,"y":1},"s":[100],"t":0},{"o":{"x":0,"y":0},"i":{"x":1,"y":1},"s":[100],"t":38},{"o":{"x":0,"y":0},"i":{"x":1,"y":1},"s":[100],"t":41},{"o":{"x":0,"y":0},"i":{"x":1,"y":1},"s":[100],"t":87},{"o":{"x":0,"y":0},"i":{"x":1,"y":1},"s":[100],"t":89},{"o":{"x":0,"y":0},"i":{"x":1,"y":1},"s":[100],"t":135},{"s":[100],"t":174}]}},"shapes":[{"ty":"sh","bm":0,"hd":false,"nm":"","d":1,"ks":{"a":1,"k":[{"o":{"x":0,"y":0},"i":{"x":1,"y":1},"s":[{"c":true,"i":[[0,0],[-2.76,0],[0,0],[0,-2.76],[0,0],[2.76,0],[0,0],[0,2.76]],"o":[[0,-2.76],[0,0],[2.76,0],[0,0],[0,2.76],[0,0],[-2.76,0],[0,0]],"v":[[0,5],[5,0],[5,0],[10,5],[10,5],[5,10],[5,10],[0,5]]}],"t":0},{"o":{"x":0,"y":0},"i":{"x":1,"y":1},"s":[{"c":true,"i":[[0,0],[-2.76,0],[0,0],[0,-2.76],[0,0],[2.76,0],[0,0],[0,2.76]],"o":[[0,-2.76],[0,0],[2.76,0],[0,0],[0,2.76],[0,0],[-2.76,0],[0,0]],"v":[[0,5],[5,0],[95,0],[100,5],[100,5],[95,10],[5,10],[0,5]]}],"t":38},{"o":{"x":0,"y":0},"i":{"x":1,"y":1},"s":[{"c":true,"i":[[0,0],[-2.76,0],[0,0],[0,-2.76],[0,0],[2.76,0],[0,0],[0,2.76]],"o":[[0,-2.76],[0,0],[2.76,0],[0,0],[0,2.76],[0,0],[-2.76,0],[0,0]],"v":[[0,5],[5,0],[95,0],[100,5],[100,5],[95,10],[5,10],[0,5]]}],"t":41},{"o":{"x":0,"y":0},"i":{"x":1,"y":1},"s":[{"c":true,"i":[[0,0],[-2.76,0],[0,0],[0,-2.76],[0,0],[2.76,0],[0,0],[0,2.76]],"o":[[0,-2.76],[0,0],[2.76,0],[0,0],[0,2.76],[0,0],[-2.76,0],[0,0]],"v":[[0,5],[5,0],[195,0],[200,5],[200,5],[195,10],[5,10],[0,5]]}],"t":87},{"o":{"x":0,"y":0},"i":{"x":1,"y":1},"s":[{"c":true,"i":[[0,0],[-2.76,0],[0,0],[0,-2.76],[0,0],[2.76,0],[0,0],[0,2.76]],"o":[[0,-2.76],[0,0],[2.76,0],[0,0],[0,2.76],[0,0],[-2.76,0],[0,0]],"v":[[0,5],[5,0],[195,0],[200,5],[200,5],[195,10],[5,10],[0,5]]}],"t":89},{"o":{"x":0,"y":0},"i":{"x":1,"y":1},"s":[{"c":true,"i":[[0,0],[-2.76,0],[0,0],[0,-2.76],[0,0],[2.76,0],[0,0],[0,2.76]],"o":[[0,-2.76],[0,0],[2.76,0],[0,0],[0,2.76],[0,0],[-2.76,0],[0,0]],"v":[[0,5],[5,0],[295,0],[300,5],[300,5],[295,10],[5,10],[0,5]]}],"t":135},{"s":[{"c":true,"i":[[0,0],[-2.76,0],[0,0],[0,-2.76],[0,0],[2.76,0],[0,0],[0,2.76]],"o":[[0,-2.76],[0,0],[2.76,0],[0,0],[0,2.76],[0,0],[-2.76,0],[0,0]],"v":[[0,5],[5,0],[295,0],[300,5],[300,5],[295,10],[5,10],[0,5]]}],"t":174}]}},{"ty":"fl","bm":0,"hd":false,"nm":"","c":{"a":1,"k":[{"o":{"x":0,"y":0},"i":{"x":1,"y":1},"s":[0.2824,1,0.5687],"t":0},{"o":{"x":0,"y":0},"i":{"x":1,"y":1},"s":[0.2824,1,0.5687],"t":38},{"o":{"x":0,"y":0},"i":{"x":1,"y":1},"s":[0.2824,1,0.5687],"t":41},{"o":{"x":0,"y":0},"i":{"x":1,"y":1},"s":[0.2824,1,0.5687],"t":87},{"o":{"x":0,"y":0},"i":{"x":1,"y":1},"s":[0.2824,1,0.5687],"t":89},{"o":{"x":0,"y":0},"i":{"x":1,"y":1},"s":[0.2824,1,0.5687],"t":135},{"s":[0.2824,1,0.5687],"t":174}]},"r":1,"o":{"a":1,"k":[{"o":{"x":0,"y":0},"i":{"x":1,"y":1},"s":[100],"t":0},{"o":{"x":0,"y":0},"i":{"x":1,"y":1},"s":[100],"t":38},{"o":{"x":0,"y":0},"i":{"x":1,"y":1},"s":[100],"t":41},{"o":{"x":0,"y":0},"i":{"x":1,"y":1},"s":[100],"t":87},{"o":{"x":0,"y":0},"i":{"x":1,"y":1},"s":[100],"t":89},{"o":{"x":0,"y":0},"i":{"x":1,"y":1},"s":[100],"t":135},{"s":[100],"t":174}]}}],"ind":1},{"ty":4,"nm":"Rectangle","sr":1,"st":0,"op":175,"ip":0,"hd":false,"ddd":0,"bm":0,"hasMask":false,"ao":0,"ks":{"a":{"a":1,"k":[{"o":{"x":0,"y":0},"i":{"x":1,"y":1},"s":[150,5],"t":0},{"o":{"x":0,"y":0},"i":{"x":1,"y":1},"s":[150,5],"t":38},{"o":{"x":0,"y":0},"i":{"x":1,"y":1},"s":[150,5],"t":41},{"o":{"x":0,"y":0},"i":{"x":1,"y":1},"s":[150,5],"t":87},{"o":{"x":0,"y":0},"i":{"x":1,"y":1},"s":[150,5],"t":89},{"o":{"x":0,"y":0},"i":{"x":1,"y":1},"s":[150,5],"t":135},{"s":[150,5],"t":174}]},"s":{"a":1,"k":[{"o":{"x":0,"y":0},"i":{"x":1,"y":1},"s":[100,100],"t":0},{"o":{"x":0,"y":0},"i":{"x":1,"y":1},"s":[100,100],"t":38},{"o":{"x":0,"y":0},"i":{"x":1,"y":1},"s":[100,100],"t":41},{"o":{"x":0,"y":0},"i":{"x":1,"y":1},"s":[100,100],"t":87},{"o":{"x":0,"y":0},"i":{"x":1,"y":1},"s":[100,100],"t":89},{"o":{"x":0,"y":0},"i":{"x":1,"y":1},"s":[100,100],"t":135},{"s":[100,100],"t":174}]},"sk":{"a":0,"k":0},"p":{"a":1,"k":[{"o":{"x":0,"y":0},"i":{"x":1,"y":1},"s":[150,5],"t":0},{"o":{"x":0,"y":0},"i":{"x":1,"y":1},"s":[150,5],"t":38},{"o":{"x":0,"y":0},"i":{"x":1,"y":1},"s":[150,5],"t":41},{"o":{"x":0,"y":0},"i":{"x":1,"y":1},"s":[150,5],"t":87},{"o":{"x":0,"y":0},"i":{"x":1,"y":1},"s":[150,5],"t":89},{"o":{"x":0,"y":0},"i":{"x":1,"y":1},"s":[150,5],"t":135},{"s":[150,5],"t":174}]},"r":{"a":1,"k":[{"o":{"x":0,"y":0},"i":{"x":1,"y":1},"s":[0],"t":0},{"o":{"x":0,"y":0},"i":{"x":1,"y":1},"s":[0],"t":38},{"o":{"x":0,"y":0},"i":{"x":1,"y":1},"s":[0],"t":41},{"o":{"x":0,"y":0},"i":{"x":1,"y":1},"s":[0],"t":87},{"o":{"x":0,"y":0},"i":{"x":1,"y":1},"s":[0],"t":89},{"o":{"x":0,"y":0},"i":{"x":1,"y":1},"s":[0],"t":135},{"s":[0],"t":174}]},"sa":{"a":0,"k":0},"o":{"a":1,"k":[{"o":{"x":0,"y":0},"i":{"x":1,"y":1},"s":[100],"t":0},{"o":{"x":0,"y":0},"i":{"x":1,"y":1},"s":[100],"t":38},{"o":{"x":0,"y":0},"i":{"x":1,"y":1},"s":[100],"t":41},{"o":{"x":0,"y":0},"i":{"x":1,"y":1},"s":[100],"t":87},{"o":{"x":0,"y":0},"i":{"x":1,"y":1},"s":[100],"t":89},{"o":{"x":0,"y":0},"i":{"x":1,"y":1},"s":[100],"t":135},{"s":[100],"t":174}]}},"shapes":[{"ty":"sh","bm":0,"hd":false,"nm":"","d":1,"ks":{"a":1,"k":[{"o":{"x":0,"y":0},"i":{"x":1,"y":1},"s":[{"c":true,"i":[[0,0],[-2.76,0],[0,0],[0,-2.76],[0,0],[2.76,0],[0,0],[0,2.76]],"o":[[0,-2.76],[0,0],[2.76,0],[0,0],[0,2.76],[0,0],[-2.76,0],[0,0]],"v":[[0,5],[5,0],[295,0],[300,5],[300,5],[295,10],[5,10],[0,5]]}],"t":0},{"o":{"x":0,"y":0},"i":{"x":1,"y":1},"s":[{"c":true,"i":[[0,0],[-2.76,0],[0,0],[0,-2.76],[0,0],[2.76,0],[0,0],[0,2.76]],"o":[[0,-2.76],[0,0],[2.76,0],[0,0],[0,2.76],[0,0],[-2.76,0],[0,0]],"v":[[0,5],[5,0],[295,0],[300,5],[300,5],[295,10],[5,10],[0,5]]}],"t":38},{"o":{"x":0,"y":0},"i":{"x":1,"y":1},"s":[{"c":true,"i":[[0,0],[-2.76,0],[0,0],[0,-2.76],[0,0],[2.76,0],[0,0],[0,2.76]],"o":[[0,-2.76],[0,0],[2.76,0],[0,0],[0,2.76],[0,0],[-2.76,0],[0,0]],"v":[[0,5],[5,0],[295,0],[300,5],[300,5],[295,10],[5,10],[0,5]]}],"t":41},{"o":{"x":0,"y":0},"i":{"x":1,"y":1},"s":[{"c":true,"i":[[0,0],[-2.76,0],[0,0],[0,-2.76],[0,0],[2.76,0],[0,0],[0,2.76]],"o":[[0,-2.76],[0,0],[2.76,0],[0,0],[0,2.76],[0,0],[-2.76,0],[0,0]],"v":[[0,5],[5,0],[295,0],[300,5],[300,5],[295,10],[5,10],[0,5]]}],"t":87},{"o":{"x":0,"y":0},"i":{"x":1,"y":1},"s":[{"c":true,"i":[[0,0],[-2.76,0],[0,0],[0,-2.76],[0,0],[2.76,0],[0,0],[0,2.76]],"o":[[0,-2.76],[0,0],[2.76,0],[0,0],[0,2.76],[0,0],[-2.76,0],[0,0]],"v":[[0,5],[5,0],[295,0],[300,5],[300,5],[295,10],[5,10],[0,5]]}],"t":89},{"o":{"x":0,"y":0},"i":{"x":1,"y":1},"s":[{"c":true,"i":[[0,0],[-2.76,0],[0,0],[0,-2.76],[0,0],[2.76,0],[0,0],[0,2.76]],"o":[[0,-2.76],[0,0],[2.76,0],[0,0],[0,2.76],[0,0],[-2.76,0],[0,0]],"v":[[0,5],[5,0],[295,0],[300,5],[300,5],[295,10],[5,10],[0,5]]}],"t":135},{"s":[{"c":true,"i":[[0,0],[-2.76,0],[0,0],[0,-2.76],[0,0],[2.76,0],[0,0],[0,2.76]],"o":[[0,-2.76],[0,0],[2.76,0],[0,0],[0,2.76],[0,0],[-2.76,0],[0,0]],"v":[[0,5],[5,0],[295,0],[300,5],[300,5],[295,10],[5,10],[0,5]]}],"t":174}]}},{"ty":"fl","bm":0,"hd":false,"nm":"","c":{"a":1,"k":[{"o":{"x":0,"y":0},"i":{"x":1,"y":1},"s":[0.2942,0.2942,0.2942],"t":0},{"o":{"x":0,"y":0},"i":{"x":1,"y":1},"s":[0.2942,0.2942,0.2942],"t":38},{"o":{"x":0,"y":0},"i":{"x":1,"y":1},"s":[0.2942,0.2942,0.2942],"t":41},{"o":{"x":0,"y":0},"i":{"x":1,"y":1},"s":[0.2942,0.2942,0.2942],"t":87},{"o":{"x":0,"y":0},"i":{"x":1,"y":1},"s":[0.2942,0.2942,0.2942],"t":89},{"o":{"x":0,"y":0},"i":{"x":1,"y":1},"s":[0.2942,0.2942,0.2942],"t":135},{"s":[0.2942,0.2942,0.2942],"t":174}]},"r":1,"o":{"a":1,"k":[{"o":{"x":0,"y":0},"i":{"x":1,"y":1},"s":[100],"t":0},{"o":{"x":0,"y":0},"i":{"x":1,"y":1},"s":[100],"t":38},{"o":{"x":0,"y":0},"i":{"x":1,"y":1},"s":[100],"t":41},{"o":{"x":0,"y":0},"i":{"x":1,"y":1},"s":[100],"t":87},{"o":{"x":0,"y":0},"i":{"x":1,"y":1},"s":[100],"t":89},{"o":{"x":0,"y":0},"i":{"x":1,"y":1},"s":[100],"t":135},{"s":[100],"t":174}]}}],"ind":2}],"v":"5.7.0","fr":30,"op":173.51,"ip":0,"assets":[]}